calendarkey;dia;datacompleta;diasemana;mes;trimestre;ano
99f6a1c8-a8bc-4efd-8a23-ec79a9d3d045;30;2022-11-30;WED;11;4;2022
f6a5a234-a7ea-48e9-9103-5300c12733ed;13;2024-06-13;THU;6;2;2024
794507d4-b65e-4d75-a191-d0491b55ece0;30;2022-11-30;WED;11;4;2022
926b76b7-d93b-4da0-b79e-19c713b492d9;29;2025-10-29;WED;10;4;2025
b1fb3c79-9b98-4e27-ae41-652b87973e57;20;2025-09-20;SAT;9;3;2025
a6d5b4e3-6598-412b-976c-ed4fee1eb94d;3;2023-12-03;SUN;12;4;2023
7427557d-ffb7-47c5-9b52-cfb14bba90e2;14;2025-04-14;MON;4;2;2025
4b938d4b-d8ad-48a0-a4fb-81ae1810e63c;2;2025-09-02;TUE;9;3;2025
042b4f1e-b703-4092-ad56-7fe7efd1eabd;9;2025-09-09;TUE;9;3;2025
8a18975b-52cc-4845-89e3-a3af975150eb;29;2022-12-29;THU;12;4;2022
63d186d3-7cc1-4f34-9350-a96c396bd117;29;2025-03-29;SAT;3;1;2025
c0fcf065-473b-407a-9f48-b25cd0bb7da6;22;2025-06-22;SUN;6;2;2025
42e4a0b8-2121-416b-9429-50d59d96e9ac;3;2023-09-03;SUN;9;3;2023
6acaae32-8c95-4797-a3db-948b94268c4d;20;2023-12-20;WED;12;4;2023
53510711-b31a-4e77-89fb-74275de58258;15;2025-01-15;WED;1;1;2025
07c82a84-f5d8-4212-8fd8-85d3c214dd05;22;2023-09-22;FRI;9;3;2023
b5cfb4e6-b12f-4df9-90bb-0fa075ea268c;21;2023-04-21;FRI;4;2;2023
1f6a738e-0780-4e82-a4fb-c78b650813a5;6;2025-06-06;FRI;6;2;2025
fe4d1baa-7a54-47a0-aad7-84ea6e9c05b8;22;2025-06-22;SUN;6;2;2025
b54b7f9b-72ee-4d05-a7d5-ee8506d21d3e;10;2023-04-10;MON;4;2;2023
824e45af-6d72-4e05-a1a2-39c0e42fbf66;6;2025-06-06;FRI;6;2;2025
818e4416-1192-47ab-b510-3e7543424e2c;22;2025-08-22;FRI;8;3;2025
35fd969a-75ff-48b3-b095-e8ba97638373;20;2023-12-20;WED;12;4;2023
1f96181e-d90f-472c-b2f1-07b32d745226;20;2023-04-20;THU;4;2;2023
ce628a52-9f42-4842-a8a3-f729161b176e;9;2025-09-09;TUE;9;3;2025
60fad1f6-05da-40fc-8a23-d076a67bab49;21;2023-04-21;FRI;4;2;2023
b54cdc25-788d-42e2-94bf-9836903601d2;3;2023-04-03;MON;4;2;2023
a84f458c-2acf-4f69-b022-df87351cea87;31;2023-08-31;THU;8;3;2023
9111df03-e5ab-4df2-9fc3-cdb522d70c20;22;2025-08-22;FRI;8;3;2025
0d43f469-251a-4f98-9b65-6c3d009edb50;27;2025-03-27;THU;3;1;2025
90ee495d-663b-4109-9ef1-3a5dc94b0545;18;2025-04-18;FRI;4;2;2025
a0d0e6db-508e-46da-84c5-5017f81caa23;20;2023-04-20;THU;4;2;2023
d82c8d06-d73c-4880-af81-6e300fb6ff03;22;2024-05-22;WED;5;2;2024
dfa4ea91-0b06-4d13-9268-0628630ae8e4;27;2024-08-27;TUE;8;3;2024
eaa4d24a-73e8-462d-98f8-d3fa1c70bef1;3;2023-12-03;SUN;12;4;2023
080fb4f5-a3fa-400c-bfef-c57011c27d8d;25;2023-09-25;MON;9;3;2023
487f140b-7555-44ec-aec0-154b4080ee1e;30;2025-04-30;WED;4;2;2025
5b249da6-a966-4a08-921f-24c85c05fe49;27;2024-08-27;TUE;8;3;2024
e9ab45d1-edf4-4d53-b8de-b278c791a508;22;2024-11-22;FRI;11;4;2024
d7c9f7e6-0d50-442b-aed7-c2957e4b47ff;18;2025-04-18;FRI;4;2;2025
f6f14b1e-9ac3-49a1-aa91-052f07f140d0;15;2024-10-15;TUE;10;4;2024
49211705-e2ea-4be1-a92d-c560e5e9b390;5;2023-01-05;THU;1;1;2023
3231ab86-1fca-4521-9531-9ff9e913cfd3;9;2025-07-09;WED;7;3;2025
fe3a37d1-1c8f-428b-88ea-5099448a65e7;21;2023-04-21;FRI;4;2;2023
d7163406-d81b-4a96-a994-1694019c5d31;3;2023-12-03;SUN;12;4;2023
897a8f75-5d8d-40b1-bc8a-84b1b93b9139;22;2024-05-22;WED;5;2;2024
d8e0aca4-a0f3-426a-8993-613b731a758a;29;2025-03-29;SAT;3;1;2025
f7354a5c-15b9-4ddc-9839-2903e38657b9;22;2024-05-22;WED;5;2;2024
01a2d005-380b-4cb0-8d39-edefbea48097;6;2025-06-06;FRI;6;2;2025
da4284ef-83c1-47dc-ba74-11c84717f0a0;14;2025-05-14;WED;5;2;2025
1994b9ce-dd18-450c-8a44-1abcad6a36fc;22;2023-09-22;FRI;9;3;2023
b155d0dd-4110-4968-bf63-ea5c75a5aa4c;21;2023-04-21;FRI;4;2;2023
47c7bd97-9711-420b-9b67-541f586ea06c;2;2025-09-02;TUE;9;3;2025
a792dffd-c6fc-4ac1-b0f7-cf4b621e5b6f;31;2023-08-31;THU;8;3;2023
0043ea6f-2b77-438b-bc49-77d198a55159;17;2024-06-17;MON;6;2;2024
9973a46c-cc85-4705-9aa8-7ce2055fce40;20;2023-12-20;WED;12;4;2023
9e5a1376-b947-4faa-8433-6c550e6539e3;14;2025-05-14;WED;5;2;2025
4a63d12b-a68f-402e-9b79-376e0b39f3f9;5;2023-01-05;THU;1;1;2023
6d271057-2b1c-4473-b301-48d52aa8aaeb;22;2024-05-22;WED;5;2;2024
88244c64-63b7-4034-8b79-6aba2aebff36;27;2024-08-27;TUE;8;3;2024
d6698c5c-2d82-4286-872e-b27cd84a4625;31;2023-08-31;THU;8;3;2023
4dc50b39-adb1-41ec-9758-9a52dcffbeec;20;2025-09-20;SAT;9;3;2025
64672b05-be32-4fa9-b99d-2135c3897fe1;5;2023-01-05;THU;1;1;2023
048bbd88-9edd-4f96-81b5-0fa3b27f33ac;13;2024-06-13;THU;6;2;2024
0683cb33-6031-4cba-9323-83340336ef63;31;2023-08-31;THU;8;3;2023
98f517ea-1659-49cf-a25b-929cdb34e7e7;13;2024-11-13;WED;11;4;2024
c6cc9bf3-5948-42ee-a0fb-2ab80dafd46c;3;2024-01-03;WED;1;1;2024
fd8e20e1-5c80-4ee4-9f4b-962b637f27ad;15;2024-10-15;TUE;10;4;2024
e72fc230-67d2-4cf4-b89a-65a4ce88a7ad;13;2024-06-13;THU;6;2;2024
d2ffbf8f-7299-4327-bc51-7051cde2af18;3;2024-01-03;WED;1;1;2024
2f397b02-1e37-4663-be7a-4b61455b3f01;1;2025-02-01;SAT;2;1;2025
750f26f8-9a21-4ddf-bb71-259150d64e63;27;2025-03-27;THU;3;1;2025
7e910add-89c4-4dd2-b96c-ef8b5042079a;25;2025-01-25;SAT;1;1;2025
7dbe1371-8433-431a-95a4-712dbdb7088e;18;2025-04-18;FRI;4;2;2025
ff026d75-bd42-49d8-982c-5f1beea276ae;15;2024-10-15;TUE;10;4;2024
a66a9a8a-528d-4115-a294-cf87e06dc3ba;12;2024-06-12;WED;6;2;2024
55b21089-412b-4440-b77f-9a7e140b5946;17;2025-10-17;FRI;10;4;2025
9e4b6ca5-ddc9-4371-ae04-27cb87992737;3;2025-05-03;SAT;5;2;2025
bf7cfb24-eba0-4b18-8117-38b86a09ca0f;13;2024-11-13;WED;11;4;2024
db7e6c9e-98b6-4768-99c5-300b397490bb;12;2025-01-12;SUN;1;1;2025
f593dfb4-247c-46b6-9a20-e1e9a412a07f;29;2025-10-29;WED;10;4;2025
ef6dcb2d-4aff-4141-90d9-804d581c4be4;13;2024-06-13;THU;6;2;2024
7a1ab171-da88-4795-b3d0-6c3fcf9e25ba;20;2023-03-20;MON;3;1;2023
74a3377d-3028-47b4-8cd2-b36443f379af;3;2023-04-03;MON;4;2;2023
aa02326b-549f-4a4b-8a8d-d864051f8ea9;30;2025-04-30;WED;4;2;2025
c440a4a8-0b36-443a-9200-23a468a33c4e;19;2024-07-19;FRI;7;3;2024
2b3b696b-47c8-44a0-b1f2-c9cb0771010d;3;2023-04-03;MON;4;2;2023
31f127b5-b2af-4f24-9025-03b88b34ad75;3;2025-05-03;SAT;5;2;2025
c4fdcd80-1a02-4446-936b-7f86e8d10027;13;2024-11-13;WED;11;4;2024
4ed2ac25-dc6f-4f93-9e1c-c83bc6f489da;15;2025-01-15;WED;1;1;2025
4cd4e28d-22d1-4419-99a9-4c81409eaefa;8;2022-12-08;THU;12;4;2022
34d3aa10-943e-4de9-bd91-20cd9a821a17;10;2023-02-10;FRI;2;1;2023
ef1d092b-dfd1-44f0-a845-8d17b88a10a3;9;2025-09-09;TUE;9;3;2025
e553e6b6-6a1a-433f-a90f-62c857d4d594;22;2023-09-22;FRI;9;3;2023
0e1dd0a3-37a7-4741-bdc6-a7eb0bf2f8b0;31;2023-08-31;THU;8;3;2023
611b0762-3eb2-4e21-a77f-1b4f51554a40;31;2023-08-31;THU;8;3;2023
fa076239-b24b-414f-be2d-0ae1eae25739;27;2025-03-27;THU;3;1;2025
e7b0fff4-d3aa-4b0f-ae9b-d7c46df090d9;29;2025-03-29;SAT;3;1;2025
dfe8d0ca-768c-4f00-a4a3-d06c7ce56077;10;2023-02-10;FRI;2;1;2023
e2e6e363-e42f-4ff5-8b49-fc2de83cbd43;15;2024-10-15;TUE;10;4;2024
15b6362e-ee77-47a2-b56a-d8c5dc13d077;22;2025-06-22;SUN;6;2;2025
4756aeab-c50a-4041-81a0-3054d7e55966;3;2023-09-03;SUN;9;3;2023
0b7ceb4e-dc51-44be-aa73-8acd030e7cce;29;2025-03-29;SAT;3;1;2025
eafe03d9-1b4d-4f92-8f56-9e9d6796eadf;27;2025-03-27;THU;3;1;2025
a7042791-c823-4d2d-9f11-62d4c92271a6;20;2023-02-20;MON;2;1;2023
4b734c5f-d454-4b93-9c63-d2a4d86f5c4f;27;2024-08-27;TUE;8;3;2024
e1853c81-e081-4961-a172-9b282e826abb;19;2024-07-19;FRI;7;3;2024
8a82278a-f4c2-4613-a682-d0ec2292c930;9;2025-07-09;WED;7;3;2025
5e51241f-ff40-44f5-8a8c-d1702194691f;20;2023-04-20;THU;4;2;2023
2b4c5ccd-0fa9-405e-861b-b7902be75a7d;27;2025-03-27;THU;3;1;2025
b0344738-8802-4abb-9d26-603d2f3715a5;15;2025-01-15;WED;1;1;2025
c712473a-a3d8-4f3d-b9e9-9abc71417853;21;2023-04-21;FRI;4;2;2023
6ed31d31-1720-47ee-8597-a13676fcc991;3;2023-04-03;MON;4;2;2023
c45b1365-0e5b-4fae-9cb1-d6ca58f50111;1;2025-02-01;SAT;2;1;2025
c0270125-4494-4bca-bb9e-ec8baac880ad;29;2025-03-29;SAT;3;1;2025
f72134de-538f-441d-aca2-9cdbf8cf0f37;3;2024-01-03;WED;1;1;2024
c22c07d7-8d6e-4940-b8f7-cb2a715ff548;29;2025-10-29;WED;10;4;2025
518d45d2-b4ea-4baf-b1a3-b5697c7073b8;3;2024-01-03;WED;1;1;2024
de387bee-b226-4c3e-842c-52539b75413c;25;2025-01-25;SAT;1;1;2025
94668206-efb9-4078-ac12-f8086262298c;22;2025-08-22;FRI;8;3;2025
8f111027-21c8-4af3-89ce-defa799fd04e;5;2024-10-05;SAT;10;4;2024
1c866922-ae7c-4f73-b1c8-3f0e9b3cdfd0;5;2023-09-05;TUE;9;3;2023
88750e6a-a281-4f85-8331-a71f084f5c8b;24;2023-01-24;TUE;1;1;2023
2203f457-65c5-4d18-b055-f294065241b3;29;2023-11-29;WED;11;4;2023
1c291e5c-0c05-4c85-80bc-05247a8f2ee5;30;2024-12-30;MON;12;4;2024
2bbbf2b2-0228-47b3-8532-96d7d3cddf5c;19;2023-02-19;SUN;2;1;2023
1d8ae9cb-f9af-4af2-ae0d-e2532ccc2eeb;3;2025-03-03;MON;3;1;2025
077a2dab-3dce-4644-828a-3fa17fc9db97;3;2024-04-03;WED;4;2;2024
e28c598e-89df-4201-bc2d-1f21f47751b9;11;2025-08-11;MON;8;3;2025
af0c3c5d-7c17-4684-ad8e-c6ee7aac97b3;18;2022-12-18;SUN;12;4;2022
0771ee40-ad2a-48dd-bd50-55bcbc778740;3;2025-03-03;MON;3;1;2025
103bb87e-6790-4de8-93d2-c53a54e38c20;2;2024-10-02;WED;10;4;2024
b5698914-b9f5-4944-b069-57115e3168cc;25;2024-02-25;SUN;2;1;2024
296be041-1979-4f3d-aba7-29de476c5bed;25;2025-08-25;MON;8;3;2025
4faca43f-dab1-4625-bd85-b45a114adec8;9;2023-04-09;SUN;4;2;2023
c9db6413-bc6e-45f8-9104-8a936ddadc14;18;2022-12-18;SUN;12;4;2022
3b2ed713-a63b-46cb-ab1b-6bd2c7c29974;6;2025-08-06;WED;8;3;2025
bbec7db8-6a06-484d-92e3-796850110fb1;1;2023-06-01;THU;6;2;2023
38ef4e73-826c-4252-bbc0-ecced5311f7c;25;2023-03-25;SAT;3;1;2023
da8e6a6a-541b-46b4-a645-f10e8f4ef5e2;10;2022-12-10;SAT;12;4;2022
15d99a89-6775-4ac4-a13a-cc99312ab2d2;10;2024-06-10;MON;6;2;2024
e23acd51-8e52-4878-a3a1-ec233674deca;25;2023-03-25;SAT;3;1;2023
0e638528-f3a5-4eda-a027-9e701bb799d0;1;2024-11-01;FRI;11;4;2024
f9ad9757-dc70-4c1a-90b6-723045da53d4;5;2024-10-05;SAT;10;4;2024
18eed7d2-b931-4ee2-8ba6-26e86d535f80;18;2024-11-18;MON;11;4;2024
26a15ed8-c8e8-4a40-a447-77c0d120d46d;3;2025-03-03;MON;3;1;2025
5d81677c-0a6d-494f-ba6b-c27071b44ca8;10;2022-12-10;SAT;12;4;2022
1755aea2-0ce5-4cb2-b392-d5e635483932;21;2024-04-21;SUN;4;2;2024
f923ed59-7f12-4b45-ac5b-fd099741ff64;22;2024-10-22;TUE;10;4;2024
d53169d4-e108-4501-b8c6-2dcaf88127af;25;2024-02-25;SUN;2;1;2024
1c835260-495b-48c3-938b-3b6eeebee9af;19;2023-02-19;SUN;2;1;2023
a9cdf10d-60a5-4760-b1db-aa4aa4fe7525;3;2024-04-03;WED;4;2;2024
c435fd6b-211c-4ca4-8735-7bd86d1e5320;21;2022-11-21;MON;11;4;2022
81d4199c-eb54-4572-a0fa-8f210f54831c;1;2023-06-01;THU;6;2;2023
e7df59a3-5087-45b0-8dad-55f04f96fba3;5;2023-01-05;THU;1;1;2023
9081a444-ee67-4659-a99d-40fd9a71dc62;19;2023-01-19;THU;1;1;2023
dfe0b52b-bf1b-4c08-9baa-684c2ede2765;22;2023-12-22;FRI;12;4;2023
70077b61-cd4f-4ebe-ac94-7c51d9724f00;6;2024-05-06;MON;5;2;2024
e93eac87-f84c-4ae7-97ae-7ab10a0a56be;14;2025-07-14;MON;7;3;2025
b08197b4-ee33-49df-9beb-dd8131a08202;1;2023-06-01;THU;6;2;2023
c453d28b-7310-47c9-a468-3c93dd810a0d;10;2024-06-10;MON;6;2;2024
349c6e70-f3df-4f88-821a-88dfd9d20b95;20;2023-01-20;FRI;1;1;2023
8132ab73-fe10-4859-a0f8-60f9b615bbe7;24;2025-05-24;SAT;5;2;2025
8b3af7cc-7e0c-4635-8f53-bb52fe823d25;11;2025-08-11;MON;8;3;2025
82ec7eef-dd98-4a8b-a5d1-36e74b8c286c;1;2024-01-01;MON;1;1;2024
c232081b-5b62-4e91-bad2-b3e6a1231141;6;2025-08-06;WED;8;3;2025
9e47d9f7-a6e7-4049-90f7-ee976777eb24;3;2024-04-03;WED;4;2;2024
4329afe1-a968-4998-8fc9-d3268ab0eb83;20;2023-01-20;FRI;1;1;2023
3e461889-5803-48f6-b2a8-ebcc3ba3a99c;25;2025-08-25;MON;8;3;2025
0534e21d-cad5-482b-bae9-17c09005a953;21;2022-11-21;MON;11;4;2022
1b021768-5d70-468e-a4c9-add2a8dd29a9;3;2025-03-03;MON;3;1;2025
aaf1e43b-c837-4e88-8db9-cda50bf63172;7;2023-03-07;TUE;3;1;2023
c9ae50aa-e220-47c5-8da7-be62389ff6ae;9;2023-04-09;SUN;4;2;2023
36b964d1-b5dd-4317-8744-7c3c74ad2722;29;2023-05-29;MON;5;2;2023
681243ca-2b47-436c-90af-e1851789b394;14;2025-11-14;FRI;11;4;2025
42e98afc-514b-4c3c-94c0-4b600130d320;20;2023-01-20;FRI;1;1;2023
2b9037ab-f369-4abf-a010-48c490143c48;21;2024-04-21;SUN;4;2;2024
17ffd5cf-a135-4982-8850-cea47b6f215c;27;2024-07-27;SAT;7;3;2024
9db341b2-cb29-482c-a410-119f20ccc759;22;2024-03-22;FRI;3;1;2024
01d3e6fa-e953-4864-a232-5dbd2a0c2988;30;2024-12-30;MON;12;4;2024
f2925719-1921-40ae-8cfb-67b913d86dc7;14;2024-11-14;THU;11;4;2024
b7026529-b1e2-478a-aac1-f0e1a6a1118a;1;2024-01-01;MON;1;1;2024
31bed315-5390-4af8-a33f-8b713ddf4eed;21;2022-11-21;MON;11;4;2022
cadb86e8-86c0-47f7-8183-2153be93a485;17;2023-03-17;FRI;3;1;2023
fe357afa-67fd-4772-b2f9-0fdbd401d59b;9;2023-04-09;SUN;4;2;2023
94657357-c42a-435d-b211-68426ab70c4f;30;2023-06-30;FRI;6;2;2023
e5a3fad0-cdf8-46d5-b2da-b3de9f8d8547;22;2023-12-22;FRI;12;4;2023
ef4da346-fdc7-4d7d-993b-f86b10edd553;9;2023-04-09;SUN;4;2;2023
2fd5aa84-d52a-44ab-baf3-d1e592df2737;22;2023-12-22;FRI;12;4;2023
12327677-8c25-4462-8e6c-2856b1c36cea;6;2025-08-06;WED;8;3;2025
f1cf47f3-7f81-47ef-a2b2-4ac241522f3e;6;2025-08-06;WED;8;3;2025
a5b97672-4d1f-4938-b657-a17d9a62bfc2;11;2023-10-11;WED;10;4;2023
d40c53ab-144e-4366-b7b1-74df3060e652;3;2025-03-03;MON;3;1;2025
81c17e7f-1ba9-451e-b174-2a50fed7fd12;22;2023-12-22;FRI;12;4;2023
cc1f8d7f-3995-46d1-bbe1-b7ae53d0dd15;27;2024-07-27;SAT;7;3;2024
d0e63713-1787-47cc-9711-7e2ab895459c;2;2025-09-02;TUE;9;3;2025
0dc3712f-2b82-452c-a619-f53d7acc41a3;24;2025-05-24;SAT;5;2;2025
d3871adc-5699-4526-af0a-f60b9a29f220;30;2024-12-30;MON;12;4;2024
fc65e483-c8a4-463b-a19d-646947115665;3;2024-04-03;WED;4;2;2024
027b95fb-8d5d-4034-ad33-292b30e4e3b8;4;2025-11-04;TUE;11;4;2025
6c5f03d3-d449-4fe7-9249-9eed8c497f0a;4;2024-08-04;SUN;8;3;2024
d8dd60fe-0d9a-4bed-8d22-e727382cb9e3;3;2025-03-03;MON;3;1;2025
e8390403-8e3a-417c-b411-ba9c2db9ea72;2;2025-09-02;TUE;9;3;2025
8f116f6a-80e3-4005-809c-8ab99d270eb5;1;2023-06-01;THU;6;2;2023
049bc6eb-22e3-4a16-82ca-e970182be693;29;2023-11-29;WED;11;4;2023
58636e88-c46a-417d-81ea-2548ee07df55;25;2023-03-25;SAT;3;1;2023
1837d09c-e76d-4162-8832-0e28463a3525;5;2023-01-05;THU;1;1;2023
8e175d16-0a82-4779-b0f8-71d0a121ac34;22;2023-12-22;FRI;12;4;2023
33294f37-873a-4f84-b813-1744759176e4;14;2024-03-14;THU;3;1;2024
a8873a83-8f85-4f29-bab9-68c70bcf4be9;22;2024-10-22;TUE;10;4;2024
e6ab45fc-a077-49e3-bcfc-1b6e1c0f7b64;4;2024-08-04;SUN;8;3;2024
0d9d8a71-fb9f-44df-aa55-14d5f47e09ca;29;2023-05-29;MON;5;2;2023
ca5c8216-e7d3-46d2-ba33-f7e0dcad2d3d;14;2025-11-14;FRI;11;4;2025
63522744-553c-4652-9ac9-ce722781f1b1;29;2024-03-29;FRI;3;1;2024
512a8538-6845-4630-9e72-1210575891ee;9;2023-04-09;SUN;4;2;2023
54cbb7b4-8cfe-4b71-87c1-1411354ee42d;11;2025-08-11;MON;8;3;2025
82794cf8-a35d-4416-ae10-f683e22b5c6b;22;2023-12-22;FRI;12;4;2023
f8deb46c-6986-4f7f-98de-4a261ed62ffe;19;2023-02-19;SUN;2;1;2023
4c47867c-eae1-482e-8b02-b610d5cc5324;14;2025-07-14;MON;7;3;2025
cba41dab-3f25-4a99-8e67-1069cf93c8b2;19;2023-01-19;THU;1;1;2023
89e85ac2-3460-4361-b213-5bc778424cab;31;2023-01-31;TUE;1;1;2023
548eb72c-7aaf-4acb-82a8-8594737332ec;29;2023-05-29;MON;5;2;2023
4e655704-af70-48bd-be57-80e30386e5da;11;2025-08-11;MON;8;3;2025
4305b710-6146-4ae1-b8b7-0497ecbec129;17;2025-10-17;FRI;10;4;2025
34e76988-3d4b-4828-aba6-40a67ca5235c;10;2025-06-10;TUE;6;2;2025
5c69350b-0dbe-4489-aebb-aed3fa027929;27;2024-07-27;SAT;7;3;2024
54ed4172-596e-4ea9-aab5-5ab3573cf5df;24;2023-01-24;TUE;1;1;2023
f9da9030-b398-4471-b4b3-5fb3523c0ba4;24;2023-01-24;TUE;1;1;2023
26e7d045-35bc-478e-a96d-8ea0296d8b68;2;2025-09-02;TUE;9;3;2025
249549fd-8c74-4c9c-9738-0d785ad812b3;31;2023-01-31;TUE;1;1;2023
7bafe849-3067-43a5-94f6-150363431899;25;2023-03-25;SAT;3;1;2023
83319b87-42ba-4d90-8b6b-f2c08ce1cf66;14;2024-03-14;THU;3;1;2024
b897964a-01e2-4fe7-a243-752a6692c6f1;29;2024-03-29;FRI;3;1;2024
ceeaecec-85c5-4dfa-9c4c-ad44daf8fe82;10;2022-12-10;SAT;12;4;2022
711faceb-900b-4286-8b25-6067deaf239a;29;2024-03-29;FRI;3;1;2024
e045c094-e50f-468f-bfa4-033e06589a17;21;2024-04-21;SUN;4;2;2024
0209692f-a0f6-4014-84fc-d40eb7bb1a8a;22;2024-03-22;FRI;3;1;2024
5dbbfa08-1868-4d88-979f-8352962d2e0b;4;2024-08-04;SUN;8;3;2024
d171bb0a-8069-44e5-b59d-ef95701489ee;30;2023-06-30;FRI;6;2;2023
f56663fa-de4d-49b9-a909-d42cd44ef2cc;10;2022-12-10;SAT;12;4;2022
91ba3c32-cd53-4f9d-ac63-93374bcd07f1;17;2023-06-17;SAT;6;2;2023
d5868967-0746-4652-aa04-3f182bd57d40;4;2024-01-04;THU;1;1;2024
695a1e26-d2a7-4b70-9bb4-2ac6666dc2d4;19;2024-02-19;MON;2;1;2024
0960fb6c-2947-4aaa-9e9d-5726aebfb79c;3;2024-05-03;FRI;5;2;2024
d94e9183-ee8b-467d-8432-45dfa6b3e6a2;19;2024-09-19;THU;9;3;2024
8652b02a-8e26-4a00-9b19-c205565ab5a0;6;2023-11-06;MON;11;4;2023
00caca1a-92a9-48de-a688-184d909db808;30;2025-07-30;WED;7;3;2025
6fb2fe5c-c721-48dc-af6b-26237e10e17d;17;2024-10-17;THU;10;4;2024
8440b3f5-ea6f-4562-aba8-c0e55d1c7cfd;19;2024-07-19;FRI;7;3;2024
fbd9ccc2-3e4b-4b95-b652-895ed0c38db2;21;2025-08-21;THU;8;3;2025
e4c0821a-d54a-462d-833c-a92b5a3c7076;19;2025-05-19;MON;5;2;2025
fed3539c-67b9-420f-87be-7f3864431a87;1;2025-03-01;SAT;3;1;2025
929bbe31-eeae-4dd4-b50d-213dcf368bb9;23;2024-04-23;TUE;4;2;2024
a3184d85-9862-4763-a4c5-a63cd711cf60;31;2025-05-31;SAT;5;2;2025
8fca7dab-11ee-4bed-9544-336f81ff341d;5;2024-07-05;FRI;7;3;2024
ed558eb6-3ea4-4f75-87d4-e3cd68d7044e;30;2023-03-30;THU;3;1;2023
e67becde-d3c6-414e-a1e3-d797ed85dbd7;31;2024-05-31;FRI;5;2;2024
71e343a9-b9c8-4b77-8527-415d95bbd0c1;23;2024-04-23;TUE;4;2;2024
c2434601-3a19-49f7-9cbf-1a18ae2f4252;1;2024-12-01;SUN;12;4;2024
b3398633-6e9a-4003-b85f-ebc6e1635db9;5;2025-01-05;SUN;1;1;2025
262b9cb3-4804-4654-a446-dc2429d3749a;4;2023-05-04;THU;5;2;2023
f49d2b60-6f77-4899-8771-10952fb17be4;22;2024-07-22;MON;7;3;2024
b52868e0-b2c5-4c85-9801-bb6088dd7fba;19;2023-02-19;SUN;2;1;2023
0bb95c9c-70c3-471a-a6d3-30e03cec617c;4;2023-05-04;THU;5;2;2023
9ef8fdf4-fb0e-4109-bc1b-47356adc7389;19;2025-05-19;MON;5;2;2025
95267067-5c4f-4767-acb1-5eb965196e8d;4;2025-05-04;SUN;5;2;2025
2661d3bf-9703-4e3d-b3a3-36a3b13b5b0d;19;2024-11-19;TUE;11;4;2024
ea26cc9b-0788-45b0-8817-dee273241222;15;2025-07-15;TUE;7;3;2025
c1aa4238-88c3-4826-81ea-8811d00e4e51;17;2023-06-17;SAT;6;2;2023
359d8cc4-7d64-4c26-a636-80679a25b978;4;2023-12-04;MON;12;4;2023
3099dbe8-7e87-4d42-a0b0-be9d3b260170;30;2025-07-30;WED;7;3;2025
3389995a-97bd-44fb-b740-b6f878b80224;12;2024-11-12;TUE;11;4;2024
d3d0864c-9f53-4d78-9ef8-bb4fcc4ea193;24;2025-06-24;TUE;6;2;2025
5b5f1112-34fe-4b0e-9483-facc926e8a74;3;2024-05-03;FRI;5;2;2024
4f937eb1-d1af-40fb-ad6d-d703bf7db2a0;23;2024-04-23;TUE;4;2;2024
093ad3cb-bb7c-4ec1-ba16-a2f299f4d8b4;5;2025-01-05;SUN;1;1;2025
9bd751f7-a0cb-4d02-9303-220b1ffbaee7;23;2025-05-23;FRI;5;2;2025
e8d3a678-38af-499f-a342-55c0c33ff082;1;2024-06-01;SAT;6;2;2024
17e709d3-89b1-49da-8abb-276574f8ac4d;5;2024-07-05;FRI;7;3;2024
0dbfb8fd-175c-4af2-a260-ebdba4e82ed1;7;2024-04-07;SUN;4;2;2024
f51e997d-a7bf-4dfd-85d9-091352676911;12;2023-05-12;FRI;5;2;2023
53720787-eaf9-4a4a-8a63-1225df142335;21;2024-12-21;SAT;12;4;2024
a98156b5-2929-4d6c-aefd-afc4aa5f3291;4;2024-01-04;THU;1;1;2024
47a7bda8-8fb3-4a3d-a24e-47ad93b5f041;23;2023-11-23;THU;11;4;2023
b1c1f0b8-854a-4310-97ec-d4dfb0c3358a;31;2024-05-31;FRI;5;2;2024
45ef4cc7-9ff2-477a-9580-9be2502b58c2;11;2023-08-11;FRI;8;3;2023
f14d4950-a0c3-4b1f-995b-adc0ca1170ad;4;2023-05-04;THU;5;2;2023
daf9b799-aca3-45f6-94e3-0cdf482366ec;30;2023-03-30;THU;3;1;2023
bac68d7c-0324-40f0-9858-7343609c8904;19;2024-11-19;TUE;11;4;2024
e25e65d7-2a3c-4c71-98e8-5e9208a13c0d;19;2024-09-19;THU;9;3;2024
aeff993d-9bf7-44cd-868d-6aac888f8db3;19;2025-05-19;MON;5;2;2025
a612e1de-cd12-4ec8-bedf-58ec778ca77e;23;2023-11-23;THU;11;4;2023
7a242f38-9a98-40b0-8592-d76241472087;4;2023-05-04;THU;5;2;2023
7b8eb885-1092-413c-a333-de106909983f;4;2023-05-04;THU;5;2;2023
7af205a7-cbd7-4d50-b9cf-de5ff2f0fc60;31;2025-05-31;SAT;5;2;2025
87adade1-e1bd-4a00-b52f-d6a82319cf64;11;2023-08-11;FRI;8;3;2023
fa9bbd76-b6aa-45df-8e4d-d1819cf6d34e;21;2025-06-21;SAT;6;2;2025
b98df248-cd43-42a2-875d-b5a4fe2f0392;19;2025-05-19;MON;5;2;2025
255f7cd2-03ab-4379-a6c4-fef5d114f455;19;2023-02-19;SUN;2;1;2023
f7682617-eabc-47df-818c-4d12f2371ad8;10;2024-07-10;WED;7;3;2024
32ac14ec-083e-4fe7-95c0-c8fa69727a26;25;2024-10-25;FRI;10;4;2024
01216591-4ae2-458c-9bf5-9ea4b6663c44;13;2024-05-13;MON;5;2;2024
925add2b-555f-4397-ab15-831895f0254c;31;2025-05-31;SAT;5;2;2025
52ab1f4b-5728-4817-9464-1ae04423c0aa;19;2024-02-19;MON;2;1;2024
001f5ecd-1a93-4189-9911-bd902790c098;12;2023-05-12;FRI;5;2;2023
8cb7e0bc-f21f-4e56-9fdd-44d8d4c3ab79;22;2024-07-22;MON;7;3;2024
d6ae83c7-69f4-4e69-b4c3-1fe61570f35c;30;2025-07-30;WED;7;3;2025
51c22ccc-29ae-4fda-b864-c6876c9f0f09;23;2025-05-23;FRI;5;2;2025
55c3fe51-97a4-4216-a360-dead395aceca;7;2024-04-07;SUN;4;2;2024
2a626b46-13f9-473d-b02d-ecd81858c0dd;15;2024-10-15;TUE;10;4;2024
84d29df9-b65d-4ee5-8f21-17c28363832b;17;2023-06-17;SAT;6;2;2023
8d348d3c-7789-473d-bba3-5ca004a80672;16;2023-11-16;THU;11;4;2023
9ccaf2b2-605f-49c5-915b-f607ff2ddccb;17;2024-10-17;THU;10;4;2024
2841525e-a9ee-4c1d-bde2-86181b59b1ae;19;2025-05-19;MON;5;2;2025
1ca33858-7814-4b06-9dd8-a233c5d2533b;17;2023-06-17;SAT;6;2;2023
63903b8e-54a7-49c8-92e0-0852439768d6;19;2024-09-19;THU;9;3;2024
e0054ca2-a9d2-44a5-8af8-6cd03de00539;17;2023-06-17;SAT;6;2;2023
9cc56ac2-a89b-4205-87c4-37a9d8916731;22;2024-07-22;MON;7;3;2024
8402134f-c5f8-4b08-82c7-5ced9c03d819;4;2023-12-04;MON;12;4;2023
fab18a33-e8c1-4c8b-8900-e72a051cf198;21;2024-12-21;SAT;12;4;2024
c33162b6-9464-4b3f-b298-b9117cce81c5;21;2024-12-21;SAT;12;4;2024
9e558cf5-2139-48fc-8ba8-e0f6171ba072;7;2025-04-07;MON;4;2;2025
1cda780c-cfaa-4d91-8fd3-89367a47b5bd;1;2024-06-01;SAT;6;2;2024
51d091c3-9798-4785-b0ff-fca2b85d264d;16;2024-02-16;FRI;2;1;2024
88e17d2f-30aa-44d7-9cee-3dc5b6877fc7;30;2023-03-30;THU;3;1;2023
d56e6a28-efa9-4445-97db-e9e16688a1d7;3;2024-05-03;FRI;5;2;2024
c51c3d0f-9dd6-4393-a919-97d387fec1d4;1;2024-06-01;SAT;6;2;2024
5241d050-32ab-496f-b1a8-de9f5e084ce4;31;2023-12-31;SUN;12;4;2023
d03f75a6-0c3f-4177-8d65-1927c158515a;21;2025-08-21;THU;8;3;2025
02a50afa-d5f3-41cb-b3af-f798a9b0889f;31;2023-12-31;SUN;12;4;2023
5bd41539-ddf8-43d8-ad4e-5335d362c6ae;21;2024-12-21;SAT;12;4;2024
1115ff66-ea44-4780-9b41-4da4413d10fb;31;2025-05-31;SAT;5;2;2025
ed8b7178-aa72-40f1-83a8-2beaf25d5d10;16;2023-11-16;THU;11;4;2023
686ab315-0801-43b6-aae4-60629129bc68;5;2025-01-05;SUN;1;1;2025
111204f2-2a24-4620-a7d9-51663927b66c;19;2023-01-19;THU;1;1;2023
eaeca2e9-92e5-411f-90f4-02823a0ce4e9;15;2024-10-15;TUE;10;4;2024
c0b019c4-db82-433e-9d40-9af522fa5d37;3;2025-01-03;FRI;1;1;2025
000e0170-4638-40e1-ad20-208c889e096f;12;2023-05-12;FRI;5;2;2023
bb4ce7c0-39af-4f82-ae3d-1271d1ee673e;17;2025-01-17;FRI;1;1;2025
985c07f3-ac7d-4453-b618-48c5b0f7a9c8;30;2023-03-30;THU;3;1;2023
027d1938-4c68-410e-803c-95106f249923;19;2024-02-19;MON;2;1;2024
aa2dc7f7-d8e3-4238-ba23-e7a96e3764e0;15;2025-07-15;TUE;7;3;2025
0aecb084-19a1-47e9-b690-720d2a787abd;4;2024-01-04;THU;1;1;2024
e3fef381-3be6-4b25-b945-5ee91fccb960;1;2024-06-01;SAT;6;2;2024
a66d8b82-5dc8-44d5-9260-99ac34f0e381;3;2024-05-03;FRI;5;2;2024
6e9f6287-ecb9-4dc6-beaf-331cfbd51f01;4;2024-01-04;THU;1;1;2024
7b371049-583e-45d8-91c9-f1f5c52138d8;17;2025-01-17;FRI;1;1;2025
eeeab4f8-9bb7-43b7-b4f1-e478c8eaf734;21;2025-08-21;THU;8;3;2025
b87f4f21-965f-42cd-b470-1ad41b144e93;6;2023-11-06;MON;11;4;2023
1ea873a6-9a38-439e-9103-d332c66b690e;24;2025-06-24;TUE;6;2;2025
a0b76c45-9959-49ec-be7e-5f21d8973b14;11;2023-08-11;FRI;8;3;2023
1178d059-4273-4380-b8c6-28bb8e676179;4;2024-01-04;THU;1;1;2024
79a8b2b2-d1a1-4363-9bbf-6014f2302635;1;2025-03-01;SAT;3;1;2025
a964f5d0-6e2d-4042-8d61-f59d64dc7294;19;2023-01-19;THU;1;1;2023
5cd0651d-a9d2-4f39-9a2f-032f21c30768;31;2025-05-31;SAT;5;2;2025
47b6e2a4-4543-4f8e-8696-52f3d73e3c0e;22;2024-10-22;TUE;10;4;2024
464c6352-b8ce-4acf-b323-31d58eabaf7e;23;2023-11-23;THU;11;4;2023
70ee16d7-26a8-493b-acff-45c38b1207ba;12;2025-09-12;FRI;9;3;2025
6f6e8179-8782-44d4-8c1b-41f1212dc5ad;21;2024-12-21;SAT;12;4;2024
840cb711-5461-4f69-9bdb-b29a9b79e858;22;2024-10-22;TUE;10;4;2024
a41c61f0-7a6f-464e-bb5c-179bef741c59;7;2023-07-07;FRI;7;3;2023
55c700d5-87bb-4cf8-b5b1-9f2d80146b76;22;2023-02-22;WED;2;1;2023
93918a8e-1c35-4840-926f-68e26e51ccae;9;2023-10-09;MON;10;4;2023
df75d7cb-7778-4550-ab98-fba16af7cefb;29;2024-01-29;MON;1;1;2024
83df839c-ec3e-426d-86d4-5c5d5d5b8d34;2;2022-12-02;FRI;12;4;2022
c1002ba8-f4a9-4feb-82d3-bf55ce0f97f1;29;2024-01-29;MON;1;1;2024
baae08f7-bce6-4177-9fa9-7dbc2e730254;18;2023-09-18;MON;9;3;2023
c1b2d11a-f98a-4eee-adac-63803a4dedca;8;2025-07-08;TUE;7;3;2025
ed4d4c6c-0281-4937-ba89-557b2e9fc27d;29;2024-01-29;MON;1;1;2024
becbfcd7-74ce-465e-94f0-1911f2d930dd;15;2025-03-15;SAT;3;1;2025
40b2517c-c76b-4cfb-9042-734c477e0d2c;5;2023-10-05;THU;10;4;2023
4e34d965-cc4d-424f-91df-83065cdf5ae9;18;2025-04-18;FRI;4;2;2025
fbdfb644-de4b-42c9-bfdf-2a1c8797638b;23;2024-02-23;FRI;2;1;2024
f335803e-c22d-4f16-870a-c97b5e7a6f78;2;2022-12-02;FRI;12;4;2022
e309e122-8ccd-4ddc-9906-510b0f9af146;4;2025-06-04;WED;6;2;2025
0f7f3b24-0485-4c57-aceb-4367f36ff437;17;2023-12-17;SUN;12;4;2023
79f957de-df21-4f2f-ac08-6ddc2d4d4d99;4;2024-09-04;WED;9;3;2024
41f0eafa-609f-4836-b06c-d635a48af37c;10;2025-01-10;FRI;1;1;2025
1a9f41bc-2457-4ee0-b919-30f82b115612;28;2023-12-28;THU;12;4;2023
92e1917a-dd8d-48bf-86b1-61a2a3b792e0;13;2023-12-13;WED;12;4;2023
2a05e5e8-7605-4cd4-971a-43132a423b43;5;2023-10-05;THU;10;4;2023
5875c4ed-ad46-41f9-b5ae-2ed128250b7b;10;2025-01-10;FRI;1;1;2025
ab4e35b7-efc1-499a-b9f5-2a86f3806aaf;18;2023-09-18;MON;9;3;2023
4654640d-3c2a-4317-a621-1dc1e31132f3;21;2022-12-21;WED;12;4;2022
dfe47da9-522f-4e45-9e81-d7991431dac3;21;2023-04-21;FRI;4;2;2023
e0f38d9f-6a4a-4f55-86ec-ce9685cf191d;31;2024-05-31;FRI;5;2;2024
c902f900-3a91-473d-9cab-95d96f8eea86;9;2023-01-09;MON;1;1;2023
ea1139c2-7507-4eb2-b64a-e79c89d92e7d;18;2025-06-18;WED;6;2;2025
30b8d467-8e16-44e6-9631-018f36e46c15;2;2022-12-02;FRI;12;4;2022
b28118f9-82ea-4423-a07b-0d47decad489;3;2025-03-03;MON;3;1;2025
202c4baf-aed1-4f7e-9d0b-b7be414aee31;25;2024-07-25;THU;7;3;2024
bc02097c-05cc-4be7-a2b6-b1d53a847250;14;2024-06-14;FRI;6;2;2024
d36d997f-c851-4a45-99fe-fa155f2dab55;2;2024-03-02;SAT;3;1;2024
b5813b7c-dc87-4e64-bca9-da620809349f;19;2024-11-19;TUE;11;4;2024
e938c55c-32f8-4d6b-88ab-7f1da8dcd9af;26;2025-06-26;THU;6;2;2025
5f0f4627-ee10-4b73-8326-7182488fda8e;23;2024-02-23;FRI;2;1;2024
0d5520d6-b19b-4f6d-951b-906982a0e570;19;2023-06-19;MON;6;2;2023
9f18109c-f76d-4730-9a3b-1db854d3da59;4;2024-09-04;WED;9;3;2024
15d66a75-996e-4b35-bcf0-34a99d99069b;25;2024-07-25;THU;7;3;2024
876a42eb-cc0a-49fe-8de4-b24c704ca9cf;28;2023-10-28;SAT;10;4;2023
ea5b5243-cd80-4bf6-be03-2378f5cdac14;8;2025-07-08;TUE;7;3;2025
bbf62176-a252-4f51-a580-b893322cf232;7;2023-07-07;FRI;7;3;2023
634dacc6-eb67-4472-a252-0193479300fb;4;2025-06-04;WED;6;2;2025
52f2fcff-8f3c-473d-9872-b8b1419eff7c;22;2023-12-22;FRI;12;4;2023
a90e005d-b51c-4a7a-9db2-f0c1759ac90d;19;2024-11-19;TUE;11;4;2024
15590aee-4907-4b7b-82a3-a27147559d7e;18;2023-09-18;MON;9;3;2023
403a5b7d-b361-4b6a-be0d-caab8df6159a;2;2024-03-02;SAT;3;1;2024
829c7163-42aa-42cd-84bc-8aacad4526f2;5;2023-06-05;MON;6;2;2023
6edc15a6-a730-4481-bd3d-8df91f056477;5;2025-11-05;WED;11;4;2025
913005fb-2eea-4f0b-b2b4-e01f25e152b4;22;2023-12-22;FRI;12;4;2023
a20ca35f-9f37-44bd-9013-e7ce3dca6fe6;31;2024-05-31;FRI;5;2;2024
f98abec4-fd4b-44e8-bf6b-76ab23a298d8;12;2024-05-12;SUN;5;2;2024
12486dd2-4d8c-4a53-b779-ce57acbacda1;18;2025-06-18;WED;6;2;2025
4bc5b32f-1c5b-4a2f-a998-19fb320ca173;18;2024-09-18;WED;9;3;2024
18acaba5-cbad-4f08-9be7-2ef451125720;15;2025-03-15;SAT;3;1;2025
214a96d0-f3d8-4227-bcd6-057a10c878f3;4;2023-02-04;SAT;2;1;2023
d45df716-6df2-4fd8-bfec-5f636dd4618c;5;2023-10-05;THU;10;4;2023
5c5f55a2-af0b-4e88-95e5-3cbe3c32cc0e;15;2025-03-15;SAT;3;1;2025
79f2e248-fb29-4816-8302-b9ade4667a55;12;2024-04-12;FRI;4;2;2024
153e1d33-22e9-4621-b702-24df675571b8;9;2023-10-09;MON;10;4;2023
4917321f-1f16-4b59-a93d-05eb7392e311;9;2024-02-09;FRI;2;1;2024
41060a90-0480-4e63-a16a-8636902ed0aa;7;2023-07-07;FRI;7;3;2023
2bf224c9-1157-43d3-b3a9-c20a47d4951f;18;2024-04-18;THU;4;2;2024
45573685-288a-46df-9606-c37a5bed4163;26;2025-06-26;THU;6;2;2025
12d6320a-972b-4d07-84ca-31d48831569e;5;2023-12-05;TUE;12;4;2023
f062729e-bc56-48ad-8e7f-8f4055384151;5;2023-12-05;TUE;12;4;2023
062bc1d3-1e0b-46d0-893b-393feb380f41;4;2023-02-04;SAT;2;1;2023
4f7245bd-fd12-4142-8dbb-c2b373fd5e3f;19;2024-11-19;TUE;11;4;2024
003a54d1-61c3-4809-9ab3-125a86788278;21;2022-12-21;WED;12;4;2022
f4d8cd5f-43a1-4dbe-abdb-4241c585abe9;26;2023-08-26;SAT;8;3;2023
22f4c552-d4ed-4f40-8f01-3725778dedbe;28;2023-12-28;THU;12;4;2023
2ded0d1a-2619-4989-9eb5-18f0ae9b4b7a;9;2023-01-09;MON;1;1;2023
17de46bb-c908-4e6e-b6e0-dc3c3896e5db;18;2025-06-18;WED;6;2;2025
8129da4c-5841-4fc1-b5ef-d7a4fd3b29fa;8;2025-07-08;TUE;7;3;2025
c3f11c27-0454-43fe-91d2-b50f09341fc2;7;2023-07-07;FRI;7;3;2023
09b8fa5d-fdc5-4a7e-a74d-2f2e9656c658;19;2024-11-19;TUE;11;4;2024
b0e4b1ad-9a26-407c-a704-e93001ff36f9;21;2022-12-21;WED;12;4;2022
0062aeb8-e3bc-4c4f-b3c8-2ace4b8010c7;13;2024-12-13;FRI;12;4;2024
3b483c92-fb58-4af8-af00-794b0fc719ff;22;2023-02-22;WED;2;1;2023
8db3f8e7-a68b-4bff-8934-69b766479574;19;2023-06-19;MON;6;2;2023
625d5f43-2dae-4a93-ab9d-f404d14d2086;26;2023-08-26;SAT;8;3;2023
8d9a004d-c67d-4d3a-b5bb-5d7e91c558c2;18;2024-09-18;WED;9;3;2024
ea8cacc5-a301-447d-a818-7eb2ef4ee911;14;2025-09-14;SUN;9;3;2025
202e186c-6c46-4318-93a0-18e1ec5d7bf3;19;2023-06-19;MON;6;2;2023
85eaa4b1-25de-4a7c-9584-a7cd5f1b7ce3;13;2024-12-13;FRI;12;4;2024
f5dcaccd-ce39-40d2-a4ca-810a15ff9dfd;15;2025-03-15;SAT;3;1;2025
56bced02-68f5-4fcc-add0-4df153088863;30;2024-06-30;SUN;6;2;2024
7a6b2ce5-cd7a-48b3-9a7b-e16fec8ea401;14;2025-09-14;SUN;9;3;2025
3383d61d-a1db-4e78-bfd6-173a5f699ad8;24;2025-05-24;SAT;5;2;2025
97b8c7fc-579d-4cbc-b838-d6b91c601db0;19;2024-01-19;FRI;1;1;2024
919be8b7-2663-4849-bddc-3fa3edbf47ae;30;2024-10-30;WED;10;4;2024
cfafe080-2b94-4ab3-bcfc-d208da26b45b;2;2024-12-02;MON;12;4;2024
95417b6d-cb86-485d-bd23-25b12f141df9;24;2025-05-24;SAT;5;2;2025
0fa23180-7b45-4653-bc56-392e31890be5;19;2023-06-19;MON;6;2;2023
d6e8dd15-f103-4cc4-abda-39ce41618027;18;2025-06-18;WED;6;2;2025
66194de9-950c-4dd0-80b0-b893dac06e37;12;2024-04-12;FRI;4;2;2024
cd9a7896-a0d1-4bf1-ae92-446081b138f6;8;2025-07-08;TUE;7;3;2025
7ec65cd0-60dd-42c6-91fb-bfde6f171e7d;19;2023-12-19;TUE;12;4;2023
d144bdaf-3d1d-4eb2-ac59-298e537356e7;5;2023-10-05;THU;10;4;2023
d8607b03-9dca-4d4e-a272-b3c2007f8faa;28;2023-10-28;SAT;10;4;2023
15fe2bdb-a1b4-45b9-b80b-30d9c9a3a9a7;26;2023-08-26;SAT;8;3;2023
61611815-b365-4595-9833-9faf96ba60fd;18;2024-04-18;THU;4;2;2024
e4c30239-d682-411b-b26b-c9999f969ac5;30;2024-06-30;SUN;6;2;2024
9f613ef4-cc9d-4919-a1a4-a710bddb1051;2;2022-12-02;FRI;12;4;2022
9feb22bb-9dfb-4924-91bb-41de46217aa1;26;2023-08-26;SAT;8;3;2023
5893ce15-c018-4a1c-8b44-e31e5900e638;5;2025-11-05;WED;11;4;2025
21a082ec-6c1d-40d9-96dd-269dc441ccbf;2;2024-12-02;MON;12;4;2024
4809a6ef-3c97-4213-be63-1d3c819f97e2;21;2023-04-21;FRI;4;2;2023
33bd081a-8ec0-432d-8ad8-62bf9d3e378c;10;2025-01-10;FRI;1;1;2025
1a8a41b3-1035-49e5-bb7e-bc0bd589655f;18;2025-04-18;FRI;4;2;2025
2ca68aae-b689-4f0d-9647-5a17dab1ba42;2;2022-12-02;FRI;12;4;2022
24a9d54b-1f26-423e-a81f-2da1a9bb7692;20;2023-12-20;WED;12;4;2023
99706f70-8afa-430c-81db-5d04b43e101f;19;2024-11-19;TUE;11;4;2024
3328e109-3381-4513-87eb-79f727712eb3;26;2023-08-26;SAT;8;3;2023
87c8971b-3ce9-45d3-9830-b56556b5adf4;2;2022-12-02;FRI;12;4;2022
83d94f1b-5d67-457d-935a-e861712848f5;15;2025-03-15;SAT;3;1;2025
89e02d45-ac3d-417f-a440-239d283b7001;23;2023-05-23;TUE;5;2;2023
853c53b8-1001-4570-bfa6-a125e41cb102;22;2025-10-22;WED;10;4;2025
0926caad-5210-4e87-9ab9-40965c88efb7;2;2022-12-02;FRI;12;4;2022
2c3b966c-743a-4177-885c-50c1748a8653;2;2024-03-02;SAT;3;1;2024
fa72204d-ade4-4be0-91e2-64ed26b28405;7;2023-12-07;THU;12;4;2023
ac20f955-d789-424f-a107-e7d4f71f9d2d;6;2024-10-06;SUN;10;4;2024
63e4c3eb-504a-444f-9bba-143e9365f06c;9;2025-08-09;SAT;8;3;2025
13f7ddee-2bb9-4c17-bef0-69794b83c8f8;16;2023-03-16;THU;3;1;2023
fe5d880e-5795-40e1-bc64-8690944cd3f9;15;2025-07-15;TUE;7;3;2025
4a62988a-fb1d-49a7-aa13-431252565341;2;2023-05-02;TUE;5;2;2023
614d433a-641f-4731-9e41-9731249c4f09;9;2025-08-09;SAT;8;3;2025
4e670877-f50b-4d0b-825d-2c13c04ce75d;8;2025-07-08;TUE;7;3;2025
eabc0169-746f-4a23-896c-6c3b776accb7;23;2023-05-23;TUE;5;2;2023
29fbb013-78e2-4a7a-b620-ca2b08468f99;29;2023-09-29;FRI;9;3;2023
44955252-e331-4538-8273-87af50230090;14;2024-04-14;SUN;4;2;2024
283ff94f-3b92-4e64-9197-fc15b54035d9;31;2025-07-31;THU;7;3;2025
741ccc33-5d39-49fd-96e1-5e755dd6454c;13;2025-06-13;FRI;6;2;2025
768fd086-3c23-4d89-b8de-d1ea495a4bba;31;2023-05-31;WED;5;2;2023
03dca353-56c5-43e6-adb7-2c40eda6feb6;31;2023-05-31;WED;5;2;2023
8e60600a-78e2-4d6e-887f-7ba7349711ec;23;2025-08-23;SAT;8;3;2025
8cf990f9-cd36-4449-8b12-5f2b8e4b3589;2;2023-05-02;TUE;5;2;2023
3443ee2c-e9f5-47e1-840c-391d2055f2c9;26;2024-04-26;FRI;4;2;2024
6e39a078-0447-4549-a361-4fc354e385db;31;2025-07-31;THU;7;3;2025
869ed717-fcea-4055-a465-2084bec2b7e8;4;2023-12-04;MON;12;4;2023
25a34f6b-d7e2-47d9-b584-8b2e141b4ef9;9;2025-08-09;SAT;8;3;2025
63b8dcd4-6c53-492f-87ea-7dbfed9d4977;19;2022-12-19;MON;12;4;2022
125150f5-6a49-4fca-bd13-d4e24d749181;13;2023-05-13;SAT;5;2;2023
4afce036-6269-4ed9-a599-74f0e4037587;23;2023-09-23;SAT;9;3;2023
55fb4ff3-94e1-46c0-9875-0ec976146b1c;5;2023-10-05;THU;10;4;2023
d50b9abe-8f63-4a85-a99d-b6db0bb05268;23;2025-08-23;SAT;8;3;2025
9c93c451-eb55-4af3-bcb4-a49fc6036c67;17;2024-05-17;FRI;5;2;2024
445b2171-ca5b-488e-93d4-0c01fb4200e4;29;2023-09-29;FRI;9;3;2023
8555c9be-f1a2-4999-bd7a-0bbf78202a2c;9;2024-09-09;MON;9;3;2024
d7e8bc57-f912-40de-b1ed-8f9f7a10a208;3;2025-07-03;THU;7;3;2025
281e7ed2-3124-458d-b3ef-208ffc7fb124;8;2023-02-08;WED;2;1;2023
02ff9b46-5fe8-4c59-8393-7103b784f55b;23;2025-04-23;WED;4;2;2025
cb650477-4758-42e9-a1ee-263f358cee5c;31;2023-05-31;WED;5;2;2023
22c8fd0e-1986-402e-9dc6-91efdebf04c2;2;2025-08-02;SAT;8;3;2025
93f954e9-eff4-4caa-a27d-d070801fcaba;3;2025-07-03;THU;7;3;2025
0cea57be-b987-4596-a9cb-5bbdc898b545;3;2025-07-03;THU;7;3;2025
784f60f7-0cb1-4e9e-85f0-9a51ed8f3f15;14;2024-04-14;SUN;4;2;2024
4288df73-649b-47be-bb03-77eb2ea4b575;26;2024-04-26;FRI;4;2;2024
f8776ab7-99f1-4710-90e4-5ea60b2d0b3a;23;2025-08-23;SAT;8;3;2025
77e5f8a0-1dde-4c1a-84dc-20bfd35f1f7e;6;2024-10-06;SUN;10;4;2024
4696d46b-da12-4b27-bd27-fdb982eb94f3;19;2022-12-19;MON;12;4;2022
2b0a6754-bbe6-4448-81d7-0e8750de9e96;3;2025-07-03;THU;7;3;2025
4fd6f077-56b9-40b4-9518-34bee272cd68;4;2023-12-04;MON;12;4;2023
02e02ac7-31f9-48eb-ac35-198188297d72;14;2023-11-14;TUE;11;4;2023
8d0c29a4-8a92-4c18-848b-02d0ff7b3511;25;2024-09-25;WED;9;3;2024
b3a4bf68-5a13-4571-b5b0-64af2ee9ea38;8;2025-07-08;TUE;7;3;2025
94ad1e9a-249a-4b27-8195-0beedd2bd8f3;20;2023-12-20;WED;12;4;2023
2f052c5d-59bd-4172-a5eb-79e91c7b6b52;23;2023-09-23;SAT;9;3;2023
1f72120a-f023-4db8-b7d5-26a1095c8f79;21;2024-01-21;SUN;1;1;2024
9964e95b-7e5b-46b2-80b3-5d6998eeefd1;13;2025-06-13;FRI;6;2;2025
f1604299-1c6b-4fb9-9fc7-79ea9f4bea81;21;2024-01-21;SUN;1;1;2024
00d6f0de-5d27-495f-97d6-b7d9e9cf519d;2;2024-12-02;MON;12;4;2024
900ceba5-adea-49a9-a14c-6ed2d781a35c;2;2023-05-02;TUE;5;2;2023
ea4eb0a1-fcd5-4a5b-857f-9a850bef5fec;31;2025-07-31;THU;7;3;2025
fd7f00ea-d703-484c-8aee-e54ce7310467;5;2023-10-05;THU;10;4;2023
e9e483c8-ad6e-4e3a-ad95-b1978513d975;29;2022-11-29;TUE;11;4;2022
567c7e93-8e3a-42f7-8bca-b6d7f28fe98e;13;2023-05-13;SAT;5;2;2023
6b35b16f-c900-4375-a07f-18eaa07c15ff;16;2023-03-16;THU;3;1;2023
43634147-7c72-4f25-9e5f-995f279c32d1;26;2024-04-26;FRI;4;2;2024
84034b2c-b86c-4125-8b7d-ca9f82a63a39;3;2025-03-03;MON;3;1;2025
48a2f720-afda-4a53-95f3-fb3ed3b948aa;8;2025-07-08;TUE;7;3;2025
caa4ef26-19c3-45ec-b24a-8d7621d9b1e4;31;2025-07-31;THU;7;3;2025
83f92830-c1a1-40a9-9251-25ad360d0d21;12;2025-08-12;TUE;8;3;2025
2b6bdd5f-d90e-423a-b0c9-d153ef5ac971;26;2022-11-26;SAT;11;4;2022
2ef8c6c2-e52c-432e-ac44-09658f00d562;14;2025-08-14;THU;8;3;2025
83cf9433-5bb8-4a77-9679-b2fbb93f47da;31;2025-07-31;THU;7;3;2025
2e8296b1-9623-4760-951e-ef985cd9ab2f;23;2025-08-23;SAT;8;3;2025
9968237b-2ae3-4374-a808-8d2d74954705;2;2025-08-02;SAT;8;3;2025
fe658a4c-bdb0-4a43-b3dd-408cb1388923;6;2024-10-06;SUN;10;4;2024
9925bb59-1e91-43ba-aaca-be877e8b2798;29;2023-09-29;FRI;9;3;2023
79a867ee-1129-4881-9d5f-223c42805a48;20;2023-09-20;WED;9;3;2023
14c797de-3364-4dca-8363-84e980614c49;24;2025-03-24;MON;3;1;2025
3bd66300-11a0-4c09-9852-624c0e836144;2;2024-12-02;MON;12;4;2024
6a0311f6-346d-44e9-90b1-425522c7b724;26;2024-04-26;FRI;4;2;2024
115382b3-7f12-49c2-a728-887b9697bde3;12;2025-03-12;WED;3;1;2025
7864caa7-bf01-4901-ac6b-97020acecac5;9;2024-09-09;MON;9;3;2024
5017e237-9608-4396-ab13-e36c40f8870d;29;2022-11-29;TUE;11;4;2022
a65d9acf-125c-45cf-87a4-499990d14f66;31;2023-05-31;WED;5;2;2023
d8a0e8d0-23ca-4360-a728-d221783e8032;3;2025-03-03;MON;3;1;2025
2727c935-1c76-4372-9d35-57fabdc88625;29;2023-09-29;FRI;9;3;2023
8d568803-8505-43b1-b7ac-0c3dcaa45ee5;26;2022-11-26;SAT;11;4;2022
b34fea80-934d-4c9e-876a-4690303e1ff9;3;2025-07-03;THU;7;3;2025
63cd2d82-5567-4c52-8275-08b62513c00b;8;2023-02-08;WED;2;1;2023
f2c76b5e-9757-4d2d-a862-46e9807de0c2;24;2025-03-24;MON;3;1;2025
48b1d7c6-cc04-4602-b26b-25aea366f551;25;2024-09-25;WED;9;3;2024
cb694e57-1018-49f2-8046-813d04b74fcb;7;2025-06-07;SAT;6;2;2025
1c8b84b5-619e-4788-9c3a-e50a53daa0ea;12;2025-08-12;TUE;8;3;2025
08d130e1-6f44-40a8-a655-25ad91ee964d;8;2023-02-08;WED;2;1;2023
b4e63562-817e-473d-abd6-03cd7608866f;6;2024-11-06;WED;11;4;2024
d7becc4a-e2a2-4282-9cc7-fcd4f5e6fcbf;21;2024-01-21;SUN;1;1;2024
4c986169-3b59-476c-9d09-d32de54242cf;7;2023-12-07;THU;12;4;2023
72eb60f1-bb45-4316-8db8-697f1427b3d0;8;2023-02-08;WED;2;1;2023
653b4e38-aafa-423d-b64f-ffdea8c3ed62;14;2024-04-14;SUN;4;2;2024
1dc57e32-7ccb-402f-a8d5-0a57e2a3d41c;23;2025-06-23;MON;6;2;2025
47a11266-146f-40ce-99f5-71e44296e926;9;2024-09-09;MON;9;3;2024
7684adbe-0934-4a98-8245-80044c808910;31;2023-05-31;WED;5;2;2023
8a03de05-019e-4fc1-b8ca-8fff54702897;2;2023-04-02;SUN;4;2;2023
9e160afd-0095-4df7-8a38-f54e54413e24;2;2023-05-02;TUE;5;2;2023
f98b4f15-9de1-4da4-8d84-55a67ac3371d;14;2025-08-14;THU;8;3;2025
b91f2133-487e-40e9-86f3-be591e965e14;6;2024-11-06;WED;11;4;2024
18ed98a8-2af3-4f19-bb8a-13114149dc47;4;2024-04-04;THU;4;2;2024
ac10d2b5-59fc-4191-bd04-a99406242d8a;31;2025-07-31;THU;7;3;2025
c67397d4-d973-4d0f-9238-a6195ad173b1;12;2025-03-12;WED;3;1;2025
930c8c92-d345-42c9-b0b4-592feaf7974c;22;2025-04-22;TUE;4;2;2025
9fd70f37-0a3e-4f2e-95fc-ace3c6d21b98;25;2024-09-25;WED;9;3;2024
647481e9-49ab-4de2-884d-39d5894834b3;5;2023-10-05;THU;10;4;2023
9b6dcc17-04c9-4a71-a762-ad2112881463;8;2025-07-08;TUE;7;3;2025
03ab3fa9-2d75-48d5-a445-c48af9da2a1e;17;2024-05-17;FRI;5;2;2024
ca8148df-40c3-4ed8-81a5-b839b60bf706;13;2023-08-13;SUN;8;3;2023
836c2cce-71d9-49ac-878f-6b435856ea4b;13;2023-08-13;SUN;8;3;2023
dc4f347f-42cb-4dac-8298-2b8614f81852;9;2024-09-09;MON;9;3;2024
dd81409a-d12b-4cc3-8da8-b4949ba75744;2;2023-04-02;SUN;4;2;2023
2f314080-318a-43c8-ae66-2c9a8fd28a69;15;2024-10-15;TUE;10;4;2024
689257ce-a496-4e32-a735-0bee5596fe21;4;2024-04-04;THU;4;2;2024
2d0d8f8f-7894-4cf0-9766-d1b0a6d781d9;3;2025-07-03;THU;7;3;2025
2486dd74-4880-40f8-98b6-beec35571215;21;2024-01-21;SUN;1;1;2024
26822ba2-5552-4711-9188-ce28d3948b3b;15;2025-07-15;TUE;7;3;2025
9b9d567d-b754-487c-88bc-12aa1e5a129c;23;2023-09-23;SAT;9;3;2023
842c2cb4-c212-4e58-8f52-0d3f375d472e;19;2022-12-19;MON;12;4;2022
8fe4b818-6bb6-4f14-a7f0-86de9722ec08;24;2025-03-24;MON;3;1;2025
66a8e1f1-8074-49f7-87e6-b610b4fba7e5;6;2023-06-06;TUE;6;2;2023
cc8f4eab-ccf7-4f36-91ff-01fc23376b84;23;2023-10-23;MON;10;4;2023
f55af656-4d81-470a-a56d-2227d7fd3284;6;2023-06-06;TUE;6;2;2023
d57ec249-7392-480e-93fc-286e209abed9;7;2023-03-07;TUE;3;1;2023
f8fd0597-5cab-4ec7-8f80-e481ac5fbf94;31;2024-03-31;SUN;3;1;2024
b5d08b68-d717-47e8-bf50-a229b0d385b3;4;2025-06-04;WED;6;2;2025
70bc4cee-32c4-41a4-89db-7c063fb2acb7;1;2024-09-01;SUN;9;3;2024
ba204a25-66d2-4562-806f-5382df3a6b30;1;2025-08-01;FRI;8;3;2025
467b079b-626c-4af0-8ae4-0350c87a25cd;3;2024-05-03;FRI;5;2;2024
6ba4d824-1c32-40f5-94d6-b92d0c93ea6c;1;2025-02-01;SAT;2;1;2025
351aa01a-10fe-4f56-a76d-3571466c79d8;19;2024-11-19;TUE;11;4;2024
d74aa696-5073-4a26-b8db-fdb9f97e1779;15;2024-04-15;MON;4;2;2024
8c53c7f3-2ecc-478b-bd57-cef0f55fa7be;24;2022-12-24;SAT;12;4;2022
0f6d11ab-70f5-45c7-b41b-16d70307245e;29;2024-11-29;FRI;11;4;2024
407c2aee-56f5-429f-a5f2-833378871534;5;2023-10-05;THU;10;4;2023
393f33d6-186a-4e82-a27b-21eef5d1a5c2;26;2023-04-26;WED;4;2;2023
8d00e5fc-8e38-4a8b-a02f-51c5e336e093;10;2025-04-10;THU;4;2;2025
4fe22c6a-aea7-4378-a7c2-e302b24902ea;14;2025-09-14;SUN;9;3;2025
14ca8064-95fc-41ba-84fc-cec0138ce8ff;25;2025-05-25;SUN;5;2;2025
b3b15197-0031-4b1e-bfe5-a959409b7a91;6;2025-03-06;THU;3;1;2025
b2e89f2c-aed5-49d8-85cb-30e270d4c0fe;10;2025-03-10;MON;3;1;2025
b3824c23-63c2-49aa-8667-7b8925700656;18;2025-03-18;TUE;3;1;2025
555aec07-ecf6-443d-97e5-92361360f3bf;19;2024-11-19;TUE;11;4;2024
faee3b0a-e0ff-4aba-9658-71ecf22bebcd;10;2025-11-10;MON;11;4;2025
cdc104a4-bb37-4064-9c6a-0014c00f0758;5;2023-12-05;TUE;12;4;2023
dc467009-c187-4c2d-a304-b4f03353d69b;20;2024-04-20;SAT;4;2;2024
67c715ce-a35d-4cf9-b862-d7c2fc4776ab;8;2025-05-08;THU;5;2;2025
64bb0101-44b3-4388-80ea-3451dec273e8;1;2025-02-01;SAT;2;1;2025
c1bffaa1-f933-4d45-bd01-1620270e61b9;31;2024-03-31;SUN;3;1;2024
89bc67e3-9568-4523-8386-0bc0ff579399;9;2023-08-09;WED;8;3;2023
97e40ada-4af5-4ee0-9b52-e5351ad70ba5;8;2023-01-08;SUN;1;1;2023
bf07a2d8-c4e1-4205-b882-646ca3a0c448;6;2025-03-06;THU;3;1;2025
32a38994-0944-471e-bfc7-c7f14e5048f8;24;2024-09-24;TUE;9;3;2024
6d040b56-5a52-4d79-a7e8-8611a10d0f90;6;2023-06-06;TUE;6;2;2023
46665036-abd3-470b-b345-4ba9e5c16ef1;20;2025-02-20;THU;2;1;2025
189ecd7d-ab81-4940-abe0-64b5402f4ee7;10;2024-05-10;FRI;5;2;2024
5754dac8-643c-4b13-a639-d260062db0aa;23;2025-05-23;FRI;5;2;2025
b5e9e5a9-a305-4c38-9916-30c96fa455d0;23;2023-10-23;MON;10;4;2023
0e49f943-113c-47c8-98fe-d8b90b2a8d33;20;2025-06-20;FRI;6;2;2025
f58272a5-9d52-4084-a4ca-4b2a0959f5d6;6;2023-06-06;TUE;6;2;2023
a6ab5c06-1c1f-4be3-9768-a2bdef9c886b;29;2022-11-29;TUE;11;4;2022
15f3e85b-b582-435a-b8f1-a662b53dc11f;10;2025-03-10;MON;3;1;2025
c994fc90-14e1-443f-a6a7-adb1ad55ff46;17;2025-09-17;WED;9;3;2025
a239bafe-6793-4ca7-9d3a-cadd077098e3;8;2025-05-08;THU;5;2;2025
e5c6fc0f-a794-4f53-8952-e58a3912f691;18;2025-03-18;TUE;3;1;2025
b3201109-5cf2-46cd-a485-03b8e73de31d;19;2024-11-19;TUE;11;4;2024
6ff40e9c-6c91-46e4-92f3-fa56ade1c6e5;1;2025-02-01;SAT;2;1;2025
7be874c0-05da-4535-9970-3784b039e5ed;18;2025-06-18;WED;6;2;2025
58046608-01a8-4578-845e-937ea8e00245;28;2025-06-28;SAT;6;2;2025
00b6ff01-6204-4bc6-a02e-5f2612bf88d6;26;2023-04-26;WED;4;2;2023
2a5ffeec-b21a-47cb-bdd3-a12be30d8d32;24;2025-01-24;FRI;1;1;2025
f4d733bb-bf80-41d8-9aa0-618db0f7a454;28;2024-11-28;THU;11;4;2024
bf8de6c4-950e-4b82-87a0-d94855d3dc42;23;2025-05-23;FRI;5;2;2025
6195a9bf-d2bd-4747-9bb1-47bafd959445;5;2023-10-05;THU;10;4;2023
428da30e-1676-4220-b8e9-624d8ca5f7e1;25;2025-05-25;SUN;5;2;2025
a0b35706-c5d1-4e86-8156-f30c19660449;6;2023-06-06;TUE;6;2;2023
cd7decf3-9a2b-41c0-b098-e353e54f6a7b;6;2025-03-06;THU;3;1;2025
d586c4c9-d72f-4145-8f2f-4e65023f1ece;25;2025-05-25;SUN;5;2;2025
5fe82783-9da7-41f3-aeaf-d340bcc805f0;1;2025-08-01;FRI;8;3;2025
3fac04d6-54f1-4552-b502-9011c62fffbf;28;2024-02-28;WED;2;1;2024
ed0f5e5d-861e-4f69-9d09-3d4024a98c63;28;2025-06-28;SAT;6;2;2025
e2aef1a9-5115-430c-88a1-469a0f1d8984;31;2024-03-31;SUN;3;1;2024
c1582172-270f-4773-8afe-03c145feb2f3;28;2024-02-28;WED;2;1;2024
91428154-b5be-49c5-9634-49cb0b4d032c;7;2023-08-07;MON;8;3;2023
7733ebcd-ffce-43d7-b9be-20d2853bd9e8;7;2023-03-07;TUE;3;1;2023
d8492d0a-e48d-479e-b567-2c25ef7588f5;5;2024-05-05;SUN;5;2;2024
8303b1dc-f82e-40ec-b1b2-37e9815fb6f3;26;2023-04-26;WED;4;2;2023
e588d251-ca96-4c65-a3d8-d3563996b876;10;2025-03-10;MON;3;1;2025
32f0204d-ba32-4d45-af39-39a4ebb311b6;10;2023-04-10;MON;4;2;2023
428f2b21-ce82-4bd9-9f1f-d486bf096258;4;2025-06-04;WED;6;2;2025
eaaad1a3-97a5-42b0-967b-349bc2544298;27;2023-11-27;MON;11;4;2023
94eeebed-74e0-4459-ad61-9b4f94166253;10;2025-04-10;THU;4;2;2025
94edc998-77b4-4f00-a206-77f46e508767;15;2024-04-15;MON;4;2;2024
3890edc4-1447-4cdc-81c6-b646a093fbce;21;2025-02-21;FRI;2;1;2025
562831b4-9a5e-4c3e-af82-cbfa228c4b56;24;2024-09-24;TUE;9;3;2024
13686e2c-244c-4fa0-b1d7-ed1c90779623;20;2025-02-20;THU;2;1;2025
08643453-e4e4-472b-8c3f-4495c5075c37;19;2024-07-19;FRI;7;3;2024
7cc671fa-3171-4bd3-a3c2-17df33cc5fb8;23;2025-05-23;FRI;5;2;2025
c9531aaa-8c20-480e-a551-b18e2e5e6b1b;18;2025-03-18;TUE;3;1;2025
e35683b3-8336-4565-b5e2-7ee09354b0e1;3;2024-05-03;FRI;5;2;2024
eb2f0df9-8f9c-40e1-90fe-bc954296c4e2;5;2024-03-05;TUE;3;1;2024
b7d131a7-e06c-4007-821b-cf79b72f7685;7;2025-03-07;FRI;3;1;2025
e933a3dd-40e1-4953-832b-04dcc47515b0;29;2022-11-29;TUE;11;4;2022
e4b97386-2def-4f60-b4d5-9f8f25f910e1;20;2024-04-20;SAT;4;2;2024
fdb42e7d-6e00-46cd-8bf8-cd4f4fa66cca;28;2024-11-28;THU;11;4;2024
7bd08bf5-2936-4785-b692-8cd9ad96969c;23;2025-05-23;FRI;5;2;2025
088b516e-0d1d-4c81-80a1-4fded9668313;28;2024-02-28;WED;2;1;2024
415bc4e1-d833-4b18-a7f8-699b548f5f9d;18;2025-03-18;TUE;3;1;2025
81e5f5a1-0b94-46f1-89d5-502dd7d91792;20;2025-06-20;FRI;6;2;2025
ef22516f-14ae-45c4-ac53-d10a5e6143b1;10;2025-03-10;MON;3;1;2025
cb22cf67-d5b8-4078-8e08-f7c49431f209;29;2022-11-29;TUE;11;4;2022
a3ee0c36-d004-4a01-9ca7-b59b3cc86a18;10;2025-03-10;MON;3;1;2025
620d8ff6-acd5-4d7d-994a-3a2666fb5be1;28;2024-02-28;WED;2;1;2024
2179aed2-49f4-445f-aacd-cbd6dad6d671;21;2025-02-21;FRI;2;1;2025
9367a20f-c860-41dc-99fb-3a1476fde457;10;2025-04-10;THU;4;2;2025
76dec93e-aff5-4085-8ff4-61abe5ec424a;20;2025-06-20;FRI;6;2;2025
b960201d-e718-46a0-aad9-31e9f3342429;21;2025-02-21;FRI;2;1;2025
4b1329ff-708a-4cac-b0d8-57a680281dc5;10;2025-03-10;MON;3;1;2025
660c3065-f9f3-4bbd-bb8f-464cf0adc674;24;2025-01-24;FRI;1;1;2025
daf6fda0-9841-4955-8fdd-607c20bd2cec;24;2023-02-24;FRI;2;1;2023
10105fe6-341d-44a2-b992-93b8549a9df3;5;2023-12-05;TUE;12;4;2023
f14b9d5b-bba4-41f6-ae21-70ce9cebb66e;3;2024-01-03;WED;1;1;2024
9c820afe-5cc1-49ab-8dba-623c1b3acbad;7;2025-03-07;FRI;3;1;2025
33d26e41-be3c-41f4-911d-43273ad20a00;3;2024-05-03;FRI;5;2;2024
fc2670ab-def7-461f-8444-154449cf7901;10;2025-03-10;MON;3;1;2025
e6de2f39-4db5-45cc-81c7-24071813a940;1;2024-09-01;SUN;9;3;2024
f65a7072-5fbd-4792-ace3-673d6371836f;10;2025-11-10;MON;11;4;2025
f10e29df-4bd7-4e22-8c43-61becb760316;3;2024-05-03;FRI;5;2;2024
c5cc93db-854c-45aa-b4be-42394046d4a1;10;2023-03-10;FRI;3;1;2023
8e281d8c-c4c1-4f95-9f40-cc45b5038e3a;24;2024-09-24;TUE;9;3;2024
c7deb07f-816d-4628-93b4-0732b0ed5157;29;2022-11-29;TUE;11;4;2022
f2ae9f0b-0b2d-46bd-a454-5583bbb891d3;10;2025-04-10;THU;4;2;2025
c8206c7e-e9ff-4c6f-aaca-c255ae7c9459;10;2025-11-10;MON;11;4;2025
7ce5415b-1c0e-470a-b770-c2d29fcfb779;5;2023-10-05;THU;10;4;2023
e8dedd5e-f4a1-4920-9a30-59b90e2d11f4;20;2024-04-20;SAT;4;2;2024
82743b8a-3096-4aeb-ba2a-87787cf89419;7;2023-08-07;MON;8;3;2023
db248f9b-2601-4a05-bfce-37da2de97ede;24;2022-12-24;SAT;12;4;2022
db8f5539-e941-4fe0-a730-e847e03f4008;28;2024-02-28;WED;2;1;2024
4db985e1-cfd8-4801-8cd2-25c2e777ebd0;9;2023-08-09;WED;8;3;2023
925c78f9-7dd7-4141-bb24-b633cb62f41d;8;2025-05-08;THU;5;2;2025
7e0e539f-2d85-4320-83bb-74f1235b0b88;15;2022-12-15;THU;12;4;2022
c242afa3-9af7-445c-b22b-9dca70fc089a;8;2024-07-08;MON;7;3;2024
c43fc394-73c1-40d1-8807-4d821a321ee1;24;2025-10-24;FRI;10;4;2025
9aea8f6e-52ce-425a-9017-f5cc5b22fcee;16;2025-10-16;THU;10;4;2025
4416e3c2-fe7b-4467-accf-7c6517194f3e;9;2025-07-09;WED;7;3;2025
0ae5e1b3-bf20-48c2-a053-d9eb2379b4ff;16;2025-10-16;THU;10;4;2025
2606437d-19e7-473a-b6ca-915edb7599e5;13;2024-03-13;WED;3;1;2024
c0146236-beb1-405c-b138-19eae10138b7;13;2024-03-13;WED;3;1;2024
8e0e5b7b-6b61-462c-9835-525a1b1406fc;19;2023-10-19;THU;10;4;2023
dd4fb8f7-a6b8-4fb3-b924-4c1d0cb4b423;26;2023-07-26;WED;7;3;2023
41a7a8af-b5c6-4964-b1d8-8bdd3aff098b;13;2024-03-13;WED;3;1;2024
eac4b306-ee51-431f-859f-a059887a16d1;26;2023-07-26;WED;7;3;2023
16b36c30-9740-4fcd-9049-e210395616d1;5;2023-09-05;TUE;9;3;2023
14ba3202-6478-4379-bfa9-888d7909a2a5;13;2023-11-13;MON;11;4;2023
50fd3165-88f3-4608-80bd-b15ba5e0d2d1;19;2023-10-19;THU;10;4;2023
1e1b72be-988c-4cb1-938a-bc45a84002b4;23;2025-01-23;THU;1;1;2025
7e3ac5f7-0bc7-4719-833d-9d96fea7840e;19;2023-04-19;WED;4;2;2023
2ca4a897-0d42-4356-a238-03f3d4fbd371;14;2024-08-14;WED;8;3;2024
be53f8ec-8010-4d6f-934e-f0f99769025a;26;2025-03-26;WED;3;1;2025
3593605f-1d2e-44a0-bee9-311500abada4;12;2025-08-12;TUE;8;3;2025
cd4e8ca5-4d8d-4ab4-bba1-ad6aaf911da9;12;2023-12-12;TUE;12;4;2023
5fb92c7d-0d93-41ba-8e41-2cf35a341e98;9;2025-07-09;WED;7;3;2025
f1a64d23-8aad-4c58-acb5-bbab9eedcd09;21;2025-04-21;MON;4;2;2025
b2abab18-7730-4f24-857d-6b3800d986bb;15;2025-07-15;TUE;7;3;2025
440559af-8c54-4938-a966-48138c44ac4f;5;2023-10-05;THU;10;4;2023
8d3a00bd-c719-4658-8c50-e27b725c7a08;28;2024-05-28;TUE;5;2;2024
96205c18-8f33-45f8-9778-28011d771945;24;2025-10-24;FRI;10;4;2025
68e1de80-d9ee-41af-91fa-4761c5f4050e;24;2024-11-24;SUN;11;4;2024
7c1b4ece-9f4b-4113-9afa-d14fe1740233;26;2025-03-26;WED;3;1;2025
d39fb2b3-e951-4891-b932-4a2cfe287996;26;2024-04-26;FRI;4;2;2024
f63e0c19-1125-453c-9836-bc543b65d696;8;2024-07-08;MON;7;3;2024
fce752e3-233a-4409-bb9c-bbb161bdd64b;19;2024-04-19;FRI;4;2;2024
daaebdc9-b1a3-4b96-88e1-9314c36723fb;9;2024-01-09;TUE;1;1;2024
b8ec6f00-2337-42c6-ace0-ce5e57b4df37;2;2023-03-02;THU;3;1;2023
63296ec9-4ad7-465a-bffa-e6b1ba6629fe;17;2022-12-17;SAT;12;4;2022
647bd571-62ed-444b-97c4-c269084b8d13;15;2022-12-15;THU;12;4;2022
04cbe853-09a9-411e-81ea-4c6d04e4f6a0;5;2023-10-05;THU;10;4;2023
643b5e5a-08ec-41a3-a25c-ff995153b83c;15;2024-06-15;SAT;6;2;2024
155275fa-874e-47e7-8c7d-f9141d5e5746;22;2024-03-22;FRI;3;1;2024
c343e7c8-6c55-43af-8d83-fae6a06168f1;15;2022-12-15;THU;12;4;2022
af870b7f-71e1-4701-8fba-e8c1e6c4286f;15;2022-12-15;THU;12;4;2022
ea7d6a7c-792e-4629-b301-cf4202451a84;25;2025-02-25;TUE;2;1;2025
046f5741-33b8-4a70-b979-e180cf48fab9;13;2023-11-13;MON;11;4;2023
93864b1b-e170-4096-b50d-685bb781d828;13;2025-02-13;THU;2;1;2025
94fb6ee0-76b2-4f42-8ab6-8005a747992c;23;2024-01-23;TUE;1;1;2024
fa9747e5-6ddf-4e1c-bf4e-5c8e232679f9;25;2025-02-25;TUE;2;1;2025
d40ef762-546d-4d50-820f-0ccbbb44aa73;15;2025-07-15;TUE;7;3;2025
4ef6ae80-5ac3-4b45-8bf1-86aa525e23e6;24;2025-10-24;FRI;10;4;2025
94a1b9c3-467b-47d7-9d80-1e992217cc69;23;2025-01-23;THU;1;1;2025
0354e139-3e38-4765-b8c3-978744472d25;2;2024-02-02;FRI;2;1;2024
71ca8fc1-43a5-4017-a5d5-deee375ba114;17;2022-12-17;SAT;12;4;2022
159acb6d-a636-48f9-a626-9f21ed757c4c;11;2023-11-11;SAT;11;4;2023
62950431-18df-4e90-bef7-739dea98f0a4;5;2024-02-05;MON;2;1;2024
557ab288-c28b-4c4c-83a2-a2882403b8eb;23;2024-01-23;TUE;1;1;2024
0df949f7-ff8a-4051-9bcd-f80c8451ed28;2;2024-02-02;FRI;2;1;2024
95960327-4e64-4ee0-a2a1-0201c4a4dd2f;19;2024-04-19;FRI;4;2;2024
0e63ccd4-5c3d-4307-94f8-82bc96d19cba;22;2024-12-22;SUN;12;4;2024
836a5d4e-7a60-40a0-a1b3-218ce4e7f848;30;2025-09-30;TUE;9;3;2025
e214b36b-9dc9-4006-8936-946add7f2d38;15;2022-12-15;THU;12;4;2022
b9e9343e-f499-42bd-88cc-4fa47624e45c;19;2023-10-19;THU;10;4;2023
50d4c4b1-a1b3-4a12-9a51-aa52650e4ad8;14;2023-03-14;TUE;3;1;2023
970d411d-0755-400f-8a31-3b095168bbd8;9;2024-10-09;WED;10;4;2024
dcb4bd3a-85a4-4a2b-95f5-37008d02c4e9;3;2025-01-03;FRI;1;1;2025
343d33c9-eedf-4bf0-a3ad-93f176d73fac;9;2025-07-09;WED;7;3;2025
1a823f4f-243a-4103-a792-1b8ce83f61ff;14;2023-03-14;TUE;3;1;2023
dc34101e-a5c3-4eb9-9593-a9b9d2bfa8f8;13;2023-11-13;MON;11;4;2023
f7dcca30-238a-445a-9d79-a2d5dfad48cd;9;2023-08-09;WED;8;3;2023
0d48809f-2c77-4ca9-b2de-c16ea53ab7d5;4;2023-12-04;MON;12;4;2023
30cad5e1-7417-4938-8057-f91ed47f1ad9;31;2023-03-31;FRI;3;1;2023
d038ced4-e637-4c00-a279-9960b2099c94;15;2024-06-15;SAT;6;2;2024
326a93c5-02a1-44c1-92d5-3268375525aa;14;2023-03-14;TUE;3;1;2023
e80bc6e2-2a96-45a5-ae47-e0260c03c9dd;12;2023-12-12;TUE;12;4;2023
04db4fd3-072a-4847-88b2-cefc60f2329d;3;2025-01-03;FRI;1;1;2025
b3fa094d-2d28-4860-bd83-978fde13a882;24;2024-11-24;SUN;11;4;2024
163bf9f6-149f-46b5-bec8-6828f3f00429;5;2023-02-05;SUN;2;1;2023
9871dd78-3488-4713-b319-c1b982d8a156;13;2024-03-13;WED;3;1;2024
28a61a4c-69f2-4c07-9bee-1692f35b54c8;9;2025-07-09;WED;7;3;2025
5ad5a30c-5a3b-4479-9c71-924845b2c4fd;16;2024-04-16;TUE;4;2;2024
e75b7f64-c2a5-491c-8492-f745d2e56a3f;15;2025-07-15;TUE;7;3;2025
942792ca-731e-4873-8d58-bbb1abd37c23;17;2022-12-17;SAT;12;4;2022
fcead8c4-9c7c-4b9d-9543-79555940e027;2;2023-03-02;THU;3;1;2023
3f1c6965-99ca-4bd8-991f-947f404cbfdf;15;2024-06-15;SAT;6;2;2024
1814e178-7c88-4ce6-96cf-eadce9e35c67;12;2025-08-12;TUE;8;3;2025
b4ddd68b-92d0-4a97-91db-eec72c5557d4;7;2024-01-07;SUN;1;1;2024
2830f4d6-0139-4b33-8435-7dc7f2027edb;2;2024-02-02;FRI;2;1;2024
bd54a393-2c11-478a-b762-9af91f602cb2;17;2022-12-17;SAT;12;4;2022
e79d5179-40dc-4821-924f-4c1807a9c0d3;5;2023-02-05;SUN;2;1;2023
341c5220-6d44-4008-966e-d2a3d1915f01;15;2022-12-15;THU;12;4;2022
ea1455f7-f91c-4cfe-bb5a-2284032f7040;28;2024-05-28;TUE;5;2;2024
739c4e24-0d39-4512-bbab-f051066d57a0;19;2023-10-19;THU;10;4;2023
b4ec2a76-b7f8-4416-a576-ea002e5c2390;14;2023-03-14;TUE;3;1;2023
2dc592d3-cc3e-4372-9749-b89e21df7a29;17;2025-01-17;FRI;1;1;2025
7f657286-f67b-462f-bec2-c98c4f4b3ea7;28;2024-05-28;TUE;5;2;2024
cf5dde8d-3469-4566-b467-4d273df48412;23;2024-01-23;TUE;1;1;2024
3ad93ef3-8616-48fa-9bec-363756f37dd0;23;2024-01-23;TUE;1;1;2024
764ed936-938b-430d-a9bb-038cb14fc07b;17;2025-01-17;FRI;1;1;2025
70a3ba6d-bc75-4c26-b872-5b63c32348b3;25;2025-05-25;SUN;5;2;2025
4f1ad38b-d3e3-4e65-a417-e721fbc5058a;26;2025-03-26;WED;3;1;2025
c37e66da-7d1e-46cd-aeaf-60e89b92114e;9;2023-08-09;WED;8;3;2023
1c2a7bfa-ef80-4fe0-b1fe-51fba01a3923;13;2025-02-13;THU;2;1;2025
410bf55b-2f7b-4b92-b29c-9abd5989e280;3;2025-01-03;FRI;1;1;2025
178a6ca6-84da-4d10-bf39-892a4b7259fe;9;2024-01-09;TUE;1;1;2024
451b382e-75b8-49f9-ab27-b8ed8401f270;5;2023-09-05;TUE;9;3;2023
b3ef3855-8384-4ea8-9754-8eafdbad1db2;23;2023-02-23;THU;2;1;2023
0ada497f-4bff-422e-bc41-ef273e5ce317;4;2023-12-04;MON;12;4;2023
608d23d0-31d0-459f-af19-08b2e38eeb04;7;2024-01-07;SUN;1;1;2024
e8ba649c-ef16-4847-908d-592ef345e1c6;8;2024-07-08;MON;7;3;2024
fd9b881e-a90c-424b-ba04-ec6da482d7ac;13;2023-11-13;MON;11;4;2023
23567618-1508-46d7-b66f-0ac6f364e05b;23;2025-01-23;THU;1;1;2025
09d9b777-4d12-414c-88ee-156edf537c2c;16;2024-04-16;TUE;4;2;2024
bb5e5bb3-82c1-4348-8987-5a31be0328b9;26;2024-04-26;FRI;4;2;2024
544561dc-d782-43eb-9791-45dc09b9abd1;15;2024-06-15;SAT;6;2;2024
2734d87a-eb64-461d-bdac-5c6aace624ac;17;2025-01-17;FRI;1;1;2025
a9312656-f15d-4927-989b-7095ce550506;19;2024-06-19;WED;6;2;2024
3980dc82-d0ad-4076-ae06-86949e1c4e5d;15;2025-07-15;TUE;7;3;2025
ee3413d9-df77-4b5f-b744-3328cf0f7704;25;2025-02-25;TUE;2;1;2025
3966593e-9054-46a9-9978-c8f1a6d4f7a5;12;2025-08-12;TUE;8;3;2025
dd30c435-9d7a-4081-aee6-b55925e1298a;30;2025-09-30;TUE;9;3;2025
d0ecb064-0f6e-4d4e-81b0-d2353bbc12cc;26;2024-04-26;FRI;4;2;2024
30b7b440-5865-48a5-924f-fba57469a55d;31;2023-03-31;FRI;3;1;2023
570c4c50-5145-486c-9801-d7625e4434b1;19;2025-09-19;FRI;9;3;2025
c7b0dcf2-0518-4618-8eaf-9a12caf25665;15;2025-11-15;SAT;11;4;2025
bce226bc-135e-4e0d-b1ad-3ace91ae85cb;16;2025-04-16;WED;4;2;2025
008226e3-b500-4ece-ace4-3f85b7c0d340;1;2023-06-01;THU;6;2;2023
311ecf4d-b44a-4df0-9472-a32f77e870a9;22;2025-09-22;MON;9;3;2025
6afc5223-e650-49b7-a0d4-cd2e84f3bc35;31;2025-10-31;FRI;10;4;2025
5828e3e2-c982-4232-9b95-9c404720fa82;25;2024-05-25;SAT;5;2;2024
c2e2b626-725c-4df5-a6b0-a19fb7c3d5f4;17;2022-12-17;SAT;12;4;2022
0c9e1b4e-ad88-42c7-aaa3-337928184224;9;2022-12-09;FRI;12;4;2022
fc717df8-ccde-4622-9ada-0933f4726d0e;16;2025-04-16;WED;4;2;2025
f4a69e15-de7d-4bef-8236-9bf425c31977;28;2023-12-28;THU;12;4;2023
55c70fe8-789a-44bd-b776-17b27a1929db;24;2024-04-24;WED;4;2;2024
a3807646-d4c0-42b8-b3a1-fabb5d44edb9;6;2023-07-06;THU;7;3;2023
33d3307c-746c-45b5-ab1b-ed6cd8268a42;21;2024-04-21;SUN;4;2;2024
26d230c1-2bdd-4040-ab33-eae85444f6e5;12;2025-07-12;SAT;7;3;2025
a2935623-918a-4cda-9075-c900e830a2ab;21;2024-04-21;SUN;4;2;2024
a1c30d1c-3612-4d9f-b1cd-ca186d777495;15;2024-09-15;SUN;9;3;2024
1195ed01-dec8-4f1e-9630-7012dfb20a65;30;2023-03-30;THU;3;1;2023
42c3a53c-9355-4f38-9502-6500ff44dce3;10;2025-09-10;WED;9;3;2025
4f825231-a130-4090-902c-def4000e27a8;27;2024-09-27;FRI;9;3;2024
3c0528ca-94cd-4a11-a973-73987f8f2004;29;2024-05-29;WED;5;2;2024
da062d79-d118-4790-beac-b3f5bd5c6ce8;21;2024-04-21;SUN;4;2;2024
04b7ad3b-e672-493d-9fde-e8949e5b36eb;6;2023-07-06;THU;7;3;2023
3e09bac2-732b-47c5-92b8-90e6623d1116;22;2025-09-22;MON;9;3;2025
a7dc82de-ff6f-4788-ac8f-02b60cb8c08b;30;2023-03-30;THU;3;1;2023
c7f17e2e-661e-449a-89f3-7662650eb719;12;2025-07-12;SAT;7;3;2025
894da886-a57a-43d8-b877-d48bf6319012;4;2025-01-04;SAT;1;1;2025
c79f08af-dd72-4cc2-9895-de9d9666d07f;28;2023-12-28;THU;12;4;2023
33ae7e88-dfec-44ed-80e0-0ebb0e9837a9;27;2025-04-27;SUN;4;2;2025
a4af64d6-b8a0-4779-bcea-6f1e09b1a1f5;10;2023-03-10;FRI;3;1;2023
cf04fba3-c53e-4245-8c88-9b10d7f67222;26;2025-01-26;SUN;1;1;2025
5d548718-2a3b-458d-87df-f7fab783ae5a;6;2023-07-06;THU;7;3;2023
e74db8d7-d9ae-410c-a0c9-0500509d94fc;15;2024-10-15;TUE;10;4;2024
6a3f972a-b223-4484-aef1-737ea4ad3067;16;2024-07-16;TUE;7;3;2024
98d9bb68-e083-4b83-8d99-81bfa193e9bd;31;2024-05-31;FRI;5;2;2024
9c2b00ab-e11b-419c-8238-cda2523891be;6;2023-07-06;THU;7;3;2023
a402adaf-140d-492a-8176-94f94dfaecb5;25;2024-05-25;SAT;5;2;2024
4c8f7c09-aea4-4ded-8f1f-d7199b6c663f;27;2023-04-27;THU;4;2;2023
1fecbe9c-eb25-4bc0-89b7-84d2489e0f43;20;2023-02-20;MON;2;1;2023
b1e07889-140e-47ff-b733-488f05074585;6;2023-04-06;THU;4;2;2023
e576582e-79b2-4df8-91f9-0cf6198390a3;30;2023-11-30;THU;11;4;2023
eca444ad-d061-414f-9784-9a5c053afa1e;16;2024-07-16;TUE;7;3;2024
48dde2fe-a002-4fce-8393-45c5db6a414d;11;2025-04-11;FRI;4;2;2025
060721b6-336a-4163-b16a-18973113061a;31;2025-10-31;FRI;10;4;2025
0d08ddeb-573f-408f-8abd-b269d8831f56;10;2023-03-10;FRI;3;1;2023
377f9bfb-1bd3-42d1-872b-532b9b06c524;9;2022-12-09;FRI;12;4;2022
850c84dd-4fde-4053-a231-7efb87d3f4cf;17;2025-02-17;MON;2;1;2025
f7af34b0-b329-461e-94bf-f991a0c48afd;16;2023-05-16;TUE;5;2;2023
286dbeb0-0e7c-4f01-861f-728b93fc756d;16;2023-05-16;TUE;5;2;2023
fad865e5-ca6b-4149-a37f-db677e7d0f64;16;2025-03-16;SUN;3;1;2025
3c4cb8b1-9b8d-4c87-9972-491a05aab5c3;16;2024-07-16;TUE;7;3;2024
300a3a0b-858c-4ab3-baf1-f792d6bfeaac;9;2024-11-09;SAT;11;4;2024
c503e740-a2b5-4bf3-a5a2-af74ea604a10;12;2025-07-12;SAT;7;3;2025
01578bc6-001d-4d8e-9dbe-bc1521191269;31;2024-05-31;FRI;5;2;2024
098a7b60-87f4-433e-a6dd-17173a106794;15;2025-11-15;SAT;11;4;2025
655a2877-89a7-4fb4-83ac-76b42f0eab05;17;2025-08-17;SUN;8;3;2025
1307205c-5e24-45d8-be97-060b29652157;8;2023-07-08;SAT;7;3;2023
c8f2c138-5ca9-4443-9ad6-db46ead275a0;9;2025-06-09;MON;6;2;2025
48916104-d86a-4d6f-b405-6b89a1592da9;6;2023-07-06;THU;7;3;2023
edf78c18-11c3-4af1-a7f2-7d793bcf099f;16;2024-07-16;TUE;7;3;2024
0e241df3-a536-4039-ad08-e00309ba5c89;31;2024-05-31;FRI;5;2;2024
743d957f-0949-409f-af4c-fa3319dcc394;26;2024-09-26;THU;9;3;2024
7724bf0e-d5f1-4f4a-9e28-f7c305dcc487;16;2025-04-16;WED;4;2;2025
9a5094b3-7071-47fa-985f-554252d12696;30;2023-11-30;THU;11;4;2023
6aff955d-1f9e-45ab-9255-e8b3e901ac21;14;2023-04-14;FRI;4;2;2023
0bc71cc3-d159-4ed4-9bed-0cd2ff590e67;12;2024-09-12;THU;9;3;2024
06b10f4d-6717-48e0-a863-768a3b6a435a;8;2023-07-08;SAT;7;3;2023
781a7082-ad3e-4297-bf3e-c721de48b2c2;15;2024-10-15;TUE;10;4;2024
db28977d-2183-4970-9d76-73e136cec88d;20;2023-02-20;MON;2;1;2023
830bd26a-5ee2-465a-9adb-b0cb586f6eed;14;2024-06-14;FRI;6;2;2024
fe76bdb5-4f34-4abd-8846-f29a2d4202c7;24;2024-04-24;WED;4;2;2024
e2b2f0db-66f1-4c63-bb36-b8b19d0dd97f;12;2024-11-12;TUE;11;4;2024
6dbd9488-dbf0-4293-8bbd-a14eaec5701b;17;2025-08-17;SUN;8;3;2025
f49e9c5f-fd7f-4117-aba8-eaa66af2fc9c;27;2023-04-27;THU;4;2;2023
d65f69d2-56f3-4557-9035-7ace31c7e1ed;21;2025-03-21;FRI;3;1;2025
ce85928e-1d3d-4724-9577-7dfc8d21b535;10;2025-09-10;WED;9;3;2025
cee2a251-3551-462b-8f7d-77b949757fbc;14;2022-12-14;WED;12;4;2022
5db21caf-ff5f-4bd3-a070-0d559f2c0256;20;2023-02-20;MON;2;1;2023
f964d199-7191-4525-95d1-afcc52b06777;3;2023-04-03;MON;4;2;2023
cc2669bb-23e1-4f0f-8cfa-b5a5e27af009;27;2023-04-27;THU;4;2;2023
25a64fb4-a35f-460e-93a6-fdc4de7b7700;16;2025-04-16;WED;4;2;2025
a13b2a8f-7a2d-47e2-ae42-07f4bc6adb8c;10;2025-09-10;WED;9;3;2025
d9b3a97b-df48-4fa4-8dc3-6eab428b9c9e;6;2023-07-06;THU;7;3;2023
afe843ea-bdfe-4339-a59c-2c99a6c4c21d;31;2025-10-31;FRI;10;4;2025
68dcc807-26c0-4b30-85ba-451296f1613f;8;2023-07-08;SAT;7;3;2023
abe879a0-7ae8-4587-9ffe-900d83045aa1;20;2023-02-20;MON;2;1;2023
a34aebef-1f16-4fcc-a1f6-073fc05eab3b;18;2023-02-18;SAT;2;1;2023
3f7734a9-a387-485f-8fc5-e1df977d857b;15;2025-11-15;SAT;11;4;2025
3097a7aa-12e8-42fa-9b44-bc0dc101aee7;9;2025-06-09;MON;6;2;2025
5a6ba3f4-ed3f-4c1b-86f1-c22d642f5faa;3;2023-04-03;MON;4;2;2023
5b17ada9-8f7e-4904-87ef-c212f1a6fedd;19;2025-09-19;FRI;9;3;2025
9404a107-5756-469c-ab90-4db6356ff3fb;21;2025-03-21;FRI;3;1;2025
503c1ce8-1aa7-4aba-899f-db1f1427c785;13;2023-04-13;THU;4;2;2023
534a45a2-f4af-4ac0-a6da-a18606e6ae60;14;2024-06-14;FRI;6;2;2024
a002b5b4-a267-47e5-b264-ce7d2155c7e7;16;2025-03-16;SUN;3;1;2025
ea29d6c1-031b-4fbf-b875-526f1a9a700b;25;2024-05-25;SAT;5;2;2024
27251b45-d7b2-4a1c-afcc-14956b0b94d8;28;2023-12-28;THU;12;4;2023
17841524-cdd1-4ccd-b96d-20f9ea1bc7f3;17;2022-12-17;SAT;12;4;2022
2d2b57e2-2f20-475e-b4cf-1b46059cf25b;27;2023-04-27;THU;4;2;2023
5596a329-03d1-4306-9566-88af868db906;1;2023-06-01;THU;6;2;2023
00d18eca-3bb7-4b8f-b09a-d4d9586d55b3;24;2024-12-24;TUE;12;4;2024
ea25dc28-7ad6-41ae-81b8-442eace6f850;20;2023-02-20;MON;2;1;2023
5dd8dd2c-bfbe-4945-bf0f-9e84980fbe86;17;2025-08-17;SUN;8;3;2025
9d25e5ed-79bf-4808-bc5c-00b5ba1cf61f;12;2025-07-12;SAT;7;3;2025
8de12586-ad92-4cfd-abcb-4395aebcda52;14;2023-04-14;FRI;4;2;2023
ad110eb6-9212-40f6-b55a-f573a89f2612;10;2023-03-10;FRI;3;1;2023
4ab2b340-0ae6-4f73-975a-05e7b0e0134f;13;2023-04-13;THU;4;2;2023
bcae84cb-696f-4335-8caa-9f2906be9085;10;2023-03-10;FRI;3;1;2023
b493f9c5-f775-4837-8d73-d2983b7b4cf0;9;2025-06-09;MON;6;2;2025
bb2479b6-fd64-468d-bf03-e0bb9e78407d;12;2025-07-12;SAT;7;3;2025
dfed7128-5ea5-4ece-b752-291bbc5797f3;21;2025-03-21;FRI;3;1;2025
82603d56-fc0b-4747-a74a-6f3b8ddb3933;9;2025-06-09;MON;6;2;2025
c5e2c720-6007-4648-b91b-21b622f10a24;14;2024-06-14;FRI;6;2;2024
a2a1cdd7-f022-4601-afa2-66390b9bf432;15;2024-08-15;THU;8;3;2024
bf9d9de4-166f-47c3-a39e-9a1c777876a0;27;2024-09-27;FRI;9;3;2024
428ac776-4baa-4283-970c-73d7d8d4e0c1;15;2024-08-15;THU;8;3;2024
b7abfd62-d27a-4477-b006-fc09a147b238;13;2023-04-13;THU;4;2;2023
1592b685-9d20-4cb3-a342-959a1224415d;21;2024-04-21;SUN;4;2;2024
9943fe86-fb4c-4cbb-a909-15eb9a7de82b;19;2025-09-19;FRI;9;3;2025
7bcd11b6-d889-4599-85ad-7233a2771b2a;9;2024-11-09;SAT;11;4;2024
f9cb3d6e-a43d-4572-9733-7a208229b859;19;2024-01-19;FRI;1;1;2024
80f04871-f3ac-4885-b0f4-66e025e51eec;22;2023-09-22;FRI;9;3;2023
913f6cea-708b-4d0f-b3c5-5a4425784ebc;18;2022-12-18;SUN;12;4;2022
5eee4dce-0183-4a0e-8fee-5fff5cc2d898;1;2022-12-01;THU;12;4;2022
c7a3a5e4-b3cb-4891-8b25-ae55ef17ca57;11;2023-06-11;SUN;6;2;2023
f9f3344b-dfb6-486f-8b80-4c4c6ad69118;9;2023-03-09;THU;3;1;2023
d33be485-f0a3-46ab-9c08-5e574cdc4c06;11;2023-06-11;SUN;6;2;2023
1db5b584-550c-4428-a585-ca3fc03af1e5;9;2023-01-09;MON;1;1;2023
ccf7ebab-26b9-401c-b0b4-b429d0363fe0;9;2024-04-09;TUE;4;2;2024
e00864c7-adf6-4ed0-bda1-0791ba99c13f;14;2025-05-14;WED;5;2;2025
484cd19f-47f4-451e-903f-fe5256f4254c;6;2025-10-06;MON;10;4;2025
50da6648-c7b2-4231-a40f-3c0b6f50acca;4;2025-09-04;THU;9;3;2025
16d4de41-a4f0-4775-adf3-e8326f8229e3;22;2022-12-22;THU;12;4;2022
ed43503a-d08f-4ca1-b46f-8ba4ea7cea91;28;2023-03-28;TUE;3;1;2023
388fdc2d-a48b-4f5c-bf1e-317f216d75cb;5;2024-02-05;MON;2;1;2024
a02c9fde-1a5c-4bd3-8ba8-29647f542c66;26;2024-01-26;FRI;1;1;2024
534b0b1c-f3d1-45da-a950-ad0ed4cb9340;12;2023-01-12;THU;1;1;2023
aad2bfa1-f14c-4a6b-9e81-5daff1a35cd5;12;2023-01-12;THU;1;1;2023
aaffda53-c9af-4bd8-9438-08e7b3092932;20;2024-01-20;SAT;1;1;2024
b6416be1-d298-47a7-83a7-d8884a9c3892;16;2025-06-16;MON;6;2;2025
69eab412-8ec7-40ce-abfc-45d41c666ee2;10;2023-11-10;FRI;11;4;2023
2568523c-8876-4e61-a9c0-6f76b80776a1;8;2024-02-08;THU;2;1;2024
a56515a1-32d4-466f-a5c6-bf5574428719;14;2023-10-14;SAT;10;4;2023
18c9488a-2404-40e8-9b26-bfa0978f186f;28;2024-11-28;THU;11;4;2024
b59a40dd-095d-45e1-a5c7-7ba76cac8eb6;3;2023-05-03;WED;5;2;2023
cfae34d1-ee61-4192-8aea-6b96be65d88d;13;2025-07-13;SUN;7;3;2025
cea99790-ae21-4f2e-9bb1-d78b2630ffa9;4;2025-09-04;THU;9;3;2025
31fda302-a9b7-41ef-bec4-5253255a01e4;13;2025-07-13;SUN;7;3;2025
056e99e8-412f-40b6-9c4f-8321415f6ebe;12;2023-01-12;THU;1;1;2023
9c58a8f2-1794-4242-8939-f7810d5d2a67;22;2023-09-22;FRI;9;3;2023
7d966036-8052-4c5e-b8ae-9f8116c6e85b;28;2024-11-28;THU;11;4;2024
39f75fb1-4f84-4ebb-ab8a-d29764ced1c3;18;2024-06-18;TUE;6;2;2024
68f37b9f-8837-4645-aa0a-0a2e05f84e0c;1;2023-02-01;WED;2;1;2023
d0ef30d5-59ff-4d16-995b-543f2284bd16;14;2025-05-14;WED;5;2;2025
577e8585-9fd6-4fba-bdef-74278abfa11e;18;2022-12-18;SUN;12;4;2022
578ed54a-a8b9-46e8-8b08-ce959819e8a5;14;2025-05-14;WED;5;2;2025
d84065a1-c6ac-436b-a454-a8f6a7329213;14;2023-10-14;SAT;10;4;2023
4e167aff-4999-4194-8e2c-eeebda9b5a26;1;2023-08-01;TUE;8;3;2023
a5b4e800-e569-4ca0-b90e-6ac611de1fcd;28;2023-03-28;TUE;3;1;2023
18fa6eba-5754-4ef0-8961-c6b368d16af3;3;2023-05-03;WED;5;2;2023
f5d19187-f96a-4662-a986-99b563a4b470;16;2023-12-16;SAT;12;4;2023
a53e838a-f6ce-474f-bb69-b8496fa45467;9;2023-04-09;SUN;4;2;2023
186cc38e-b8b0-439a-92dd-3fd74fbffa2d;20;2023-08-20;SUN;8;3;2023
f576681d-a34b-4c8f-9fe4-f549b0b156f5;10;2023-11-10;FRI;11;4;2023
ff7db54a-8f17-4990-b6d6-74d89a4bf3ca;19;2024-01-19;FRI;1;1;2024
f7a992a5-aa23-4805-996d-a67a4b70b336;14;2025-07-14;MON;7;3;2025
e518e09d-8e5b-4cf3-a984-e49ce7a459fa;9;2023-03-09;THU;3;1;2023
a3b9b53e-6544-46ab-8e55-2dea46265b25;20;2024-01-20;SAT;1;1;2024
27042a40-0f64-44a6-8613-082cdb21c35e;10;2022-12-10;SAT;12;4;2022
b5743351-c64e-48c6-aceb-537911a8ce6b;5;2024-12-05;THU;12;4;2024
a2d15d9c-e189-4426-999c-a25340191e30;16;2025-09-16;TUE;9;3;2025
df384f8b-b931-49cb-b3b7-e37b8768c1ed;16;2023-12-16;SAT;12;4;2023
f0a831c9-41f7-442d-863e-45c8317445cc;11;2023-06-11;SUN;6;2;2023
5d825037-b613-47cd-856d-ef27eb30b27b;3;2023-05-03;WED;5;2;2023
09c8a92c-85f0-4ba5-8cb4-b6b9721d0f2a;23;2025-08-23;SAT;8;3;2025
fa959d6c-a941-488b-aa96-508cfec2d4cb;25;2025-06-25;WED;6;2;2025
335dc1a9-ffd2-4e70-ab51-b08f5796e3a2;23;2025-08-23;SAT;8;3;2025
e66bd7ec-15b2-4b87-b2c4-6be7c0602e9b;19;2024-01-19;FRI;1;1;2024
6e71ecf4-2623-4793-b8fe-06cde91a29a6;7;2023-07-07;FRI;7;3;2023
5a774c4a-d655-48eb-b2c2-599a3c05d4cd;5;2023-09-05;TUE;9;3;2023
f624411c-9c3b-4c86-af1a-010edd8b40d4;7;2023-07-07;FRI;7;3;2023
c3fed01e-b443-43ee-9425-82d206871824;1;2023-08-01;TUE;8;3;2023
e4e0c970-2f5a-4ff6-a3ed-202a81a466c6;18;2024-06-18;TUE;6;2;2024
eee16a50-110b-4d8c-990b-b74c41dd2d1a;11;2023-07-11;TUE;7;3;2023
d9fd6840-22c5-45af-9b9d-400551569245;18;2022-12-18;SUN;12;4;2022
0c600e37-05e4-4a87-abbc-bbdf7f9a9956;4;2025-09-04;THU;9;3;2025
4bcc69e1-9881-4641-acfd-726bdd95fd34;8;2024-02-08;THU;2;1;2024
0c040bca-ea65-43fc-b59e-159eceeb44e3;11;2024-10-11;FRI;10;4;2024
c5a7e601-ba69-4051-83a3-43ea7f29acdc;20;2023-08-20;SUN;8;3;2023
2d50e91e-1e98-4dae-b619-84243b200474;28;2023-03-28;TUE;3;1;2023
f9485106-bab6-430c-899a-13567a6fa137;16;2022-12-16;FRI;12;4;2022
2999d386-422c-4f4e-b49c-e2514108f2cf;8;2024-02-08;THU;2;1;2024
2d10eacc-7df7-4579-b1d2-17aec715d44f;1;2023-08-01;TUE;8;3;2023
3a90cfb3-9b6d-424a-ae22-e7e960c6d492;14;2025-07-14;MON;7;3;2025
34c0efdb-690a-4192-a066-31899732f3bc;18;2024-06-18;TUE;6;2;2024
1589f4a1-f18f-48be-b808-3d40ac5bc5c6;13;2025-07-13;SUN;7;3;2025
f48f7967-b856-4868-8c7f-6c692c1cd38b;9;2023-03-09;THU;3;1;2023
d2069604-b4d5-4df1-a766-4d6eec5500d3;1;2022-12-01;THU;12;4;2022
2ba65e19-3262-4504-b5e6-dcc299ba9179;14;2023-01-14;SAT;1;1;2023
2bdcbd0f-8dba-4244-a2d5-8b441e72e27d;26;2024-01-26;FRI;1;1;2024
511d75f9-9052-4f03-9c84-d753c7f8d448;19;2024-01-19;FRI;1;1;2024
4184d7ee-9e4a-44ae-a4ea-aec191e00017;28;2024-11-28;THU;11;4;2024
db5dee21-b13a-4b66-b59a-2d60c264fc39;19;2024-01-19;FRI;1;1;2024
6caa78de-6728-4225-bbdf-e97495f1f8b1;28;2023-03-28;TUE;3;1;2023
0eb34892-285c-49f6-b233-780fe1dc42b2;7;2023-07-07;FRI;7;3;2023
cc7aa402-705d-41fd-9d14-11eeb08a1a18;23;2025-08-23;SAT;8;3;2025
fe9b2d08-ab1c-4b65-b3ed-5397efbe1592;23;2025-08-23;SAT;8;3;2025
27c4fd09-e658-49bd-8607-6f9ef889970c;21;2022-11-21;MON;11;4;2022
866c5c11-b1e3-4a64-8578-8b7737510a5e;19;2024-01-19;FRI;1;1;2024
6c2cd117-8857-4224-b31d-d834eef88ed7;3;2023-05-03;WED;5;2;2023
b1c88cf4-5e1d-44cd-ad65-cd9ccd1e5d08;10;2022-12-10;SAT;12;4;2022
5d8a0376-9489-48ed-8e38-2b89360718c1;22;2023-09-22;FRI;9;3;2023
f32f0b3c-4356-4be6-9080-e12a976c6db1;19;2024-01-19;FRI;1;1;2024
07a348c8-37f6-4355-832f-ffddcfe6af5c;1;2023-02-01;WED;2;1;2023
99978b2e-a1a5-4ba6-ada3-bb8224403f16;4;2025-09-04;THU;9;3;2025
cb03dd7b-e7d1-460e-81ef-08887c2f60d4;4;2025-01-04;SAT;1;1;2025
11ed86f8-1781-4f9f-a9ce-1e3bcb32935d;9;2024-04-09;TUE;4;2;2024
fd425290-961a-4bac-a64f-f9c4bff34cc5;4;2023-09-04;MON;9;3;2023
a8467c05-3895-4e12-9a10-35777990b447;10;2022-12-10;SAT;12;4;2022
f8356b5c-25d2-4880-b95a-b7b1821ceb53;13;2024-08-13;TUE;8;3;2024
7d2853c8-5e17-4300-955f-7df1136494e9;22;2023-09-22;FRI;9;3;2023
e569116b-143c-424c-bccd-0ae629bbc257;11;2023-06-11;SUN;6;2;2023
107603a6-5d37-4460-a45d-b933ce4351d7;26;2024-01-26;FRI;1;1;2024
6ca8c5ba-d5fb-4902-a56a-e9f84e03f901;9;2023-01-09;MON;1;1;2023
254c216e-3ce3-45b0-b127-774146db2051;28;2023-03-28;TUE;3;1;2023
3c0a43ac-39e4-40e8-92cb-7a6d3ef16fb1;26;2022-11-26;SAT;11;4;2022
d8beae08-64dd-4c4b-9851-9f301f41c481;23;2025-08-23;SAT;8;3;2025
2f3bf07b-6059-4442-ae04-540093f050a3;4;2023-09-04;MON;9;3;2023
0aa23037-e9d4-4c56-8b12-833974c67f76;5;2023-05-05;FRI;5;2;2023
92de1e0a-ebf5-44f3-b1b4-130d23a70fc2;1;2022-12-01;THU;12;4;2022
b38c123e-b7cd-40c8-8869-0fb9e51dbf2a;5;2023-09-05;TUE;9;3;2023
e62038c4-e429-4dd2-bb82-bba2aa920d04;25;2023-11-25;SAT;11;4;2023
99b85c6d-76bd-4a7c-9e76-26d6bb24a06c;1;2025-02-01;SAT;2;1;2025
b0922aaf-f9cf-4ae8-a147-3d336516f605;14;2025-05-14;WED;5;2;2025
ed7a3429-f812-4d19-9de4-a36b3f88f8e4;21;2022-11-21;MON;11;4;2022
072c460e-a78b-496a-9105-d9dacc6efd9f;7;2023-07-07;FRI;7;3;2023
0e711995-53cb-46fe-8172-26dbf43d0c42;20;2024-02-20;TUE;2;1;2024
930c05cf-423b-4662-be93-d5e35a7937ab;14;2025-05-14;WED;5;2;2025
cf79a68a-8993-4e76-93e4-ddab47970449;4;2025-01-04;SAT;1;1;2025
d9167fbc-cf6c-4b6b-a5cc-8903b4e48641;25;2025-06-25;WED;6;2;2025
bb63d011-dd4f-4e1b-8666-4110f7cf92ff;24;2024-01-24;WED;1;1;2024
54be8a68-46fc-437f-859f-54ca8abe830c;15;2025-07-15;TUE;7;3;2025
1f8b84b4-6d90-4e07-8075-f7540942cf71;5;2024-08-05;MON;8;3;2024
4b3a93f6-bebf-487d-b2b1-8842c5940047;4;2024-10-04;FRI;10;4;2024
921d139c-beac-4877-b05d-9e4ce110019b;15;2023-08-15;TUE;8;3;2023
99b26354-4a19-4e5d-8e07-f588396344f2;29;2024-01-29;MON;1;1;2024
9c938c1b-821d-462f-9b7a-9e42294b6ec2;6;2023-06-06;TUE;6;2;2023
a39afe38-4118-4adb-ac3e-bfc5e89431f2;29;2025-05-29;THU;5;2;2025
51eba5f2-909c-4cd9-877b-cad65a1d7580;27;2025-09-27;SAT;9;3;2025
7a70a4f4-b970-4548-9644-b5057c8fca4e;11;2024-03-11;MON;3;1;2024
de96d63f-32e5-46cf-989f-16863f987ee7;27;2023-06-27;TUE;6;2;2023
4a1f5912-3a51-4ff0-a9e6-563cb52cfca2;7;2025-07-07;MON;7;3;2025
c2658770-cec4-4816-8361-5f48f815383d;30;2025-08-30;SAT;8;3;2025
2ba0ac5d-bc6f-42ed-abb0-b09253689465;20;2024-05-20;MON;5;2;2024
0d42dd9a-a866-4841-a1ed-abe11b929052;6;2023-06-06;TUE;6;2;2023
d0d58093-58c2-4368-bc95-5578f09fe891;9;2023-11-09;THU;11;4;2023
e398aa01-5ce5-46f5-a165-29e18f303aaa;27;2023-06-27;TUE;6;2;2023
86fbc57f-3464-4c8f-9e46-e824cac320a7;11;2024-03-11;MON;3;1;2024
ea01f895-63bd-488d-843c-b2fe9137fc66;8;2023-10-08;SUN;10;4;2023
80bfd925-3393-47f0-b545-8d905ef8b074;7;2024-07-07;SUN;7;3;2024
fc16a0ec-1e48-4744-b9f0-4919f86f0fe6;3;2025-01-03;FRI;1;1;2025
61365ea5-00c5-44e5-8c11-1ed74567ac14;7;2024-07-07;SUN;7;3;2024
f5465259-d495-4fb4-916c-060cd45d6d34;20;2023-09-20;WED;9;3;2023
490bf038-eb88-4342-a906-26a2dff3f193;7;2024-07-07;SUN;7;3;2024
b212a913-0a85-4dad-aa84-daac1e00df8d;29;2025-05-29;THU;5;2;2025
c50dbc05-2313-4feb-b0bf-10f12dd15c99;21;2023-04-21;FRI;4;2;2023
7901bb9e-2b1c-4c6e-815e-6066df4107e4;27;2024-02-27;TUE;2;1;2024
384bb41d-3f71-4b73-8e2b-419ac09c0321;9;2025-01-09;THU;1;1;2025
b26256bd-3323-4243-9f9e-c3290d265c34;24;2024-01-24;WED;1;1;2024
adb4e0d0-9de9-46ea-9f23-85a6445667e6;18;2024-03-18;MON;3;1;2024
705b3dc3-a5e4-4c47-a381-44e8e81e9027;28;2025-03-28;FRI;3;1;2025
49fc7f0c-9eb7-4362-af56-45915923030c;5;2025-04-05;SAT;4;2;2025
3ae9fe04-8bfb-42bf-8e28-913307ed4f0e;13;2025-04-13;SUN;4;2;2025
f89924c2-1b60-4289-9670-a5b6fb75125e;13;2024-04-13;SAT;4;2;2024
8b2d4b71-d8b8-413d-826b-54909b3f7325;15;2024-08-15;THU;8;3;2024
f990c2c5-94ae-43e5-a237-f3ee7ded5c13;5;2025-04-05;SAT;4;2;2025
ae6fecb5-0df5-4963-8d1f-25f99f81cf5d;12;2023-08-12;SAT;8;3;2023
3c9e2188-aecd-432f-8046-b584b0e99d78;15;2024-10-15;TUE;10;4;2024
d34d0567-fda9-472c-812d-8e4546104a10;11;2024-03-11;MON;3;1;2024
8f3b95ca-9b79-4be5-9894-275f878c8b70;24;2024-01-24;WED;1;1;2024
1074f25b-e2bc-4fbe-8e61-9bc14554a54e;4;2025-05-04;SUN;5;2;2025
d887bd6e-a05b-4884-a76e-60d6c6c976d6;5;2025-04-05;SAT;4;2;2025
104167b0-1c0d-494e-ad65-cb0707ec6b21;15;2024-10-15;TUE;10;4;2024
b9864cb7-679e-418a-972f-b8e91b21ab47;4;2025-05-04;SUN;5;2;2025
6f40b182-fa72-4e68-8d1c-75d90e75c0df;9;2025-01-09;THU;1;1;2025
4a3112d8-f8ed-4336-b2c0-357ac2a87427;4;2024-02-04;SUN;2;1;2024
40543cdc-2190-4797-8982-0b70df602a3b;16;2023-04-16;SUN;4;2;2023
9b6b228f-e930-476a-8cbc-eca4ca4c7860;27;2024-02-27;TUE;2;1;2024
83185603-6f1f-456d-b700-45b4f2fc3fe9;13;2024-04-13;SAT;4;2;2024
30644455-475a-4661-9b42-34a1f0960c75;4;2024-10-04;FRI;10;4;2024
3ef9372e-7d71-44e4-9242-08d30a2c209f;24;2024-01-24;WED;1;1;2024
30e64a63-9e7d-4339-bf47-32c53578e05c;16;2025-04-16;WED;4;2;2025
8ad02c7e-3032-4d98-b28d-147699a80980;5;2024-08-05;MON;8;3;2024
b8747e7e-e820-4f19-9a96-fcab1e8830f8;31;2025-01-31;FRI;1;1;2025
c476e94b-26bb-4041-adbe-a79eab2e662e;29;2024-01-29;MON;1;1;2024
21ae36bf-5c9c-4527-99da-63b5fc9cb73a;27;2024-05-27;MON;5;2;2024
a60c4e45-559d-4d92-af6b-182a7ac10f1f;16;2025-04-16;WED;4;2;2025
95a064f8-765e-4b26-af37-569a47e97fef;5;2024-08-05;MON;8;3;2024
9d2cc58e-48aa-4d2e-80e8-1e1f262a56e2;16;2025-04-16;WED;4;2;2025
41554c16-7110-4c55-a41a-d71338eb907c;8;2024-11-08;FRI;11;4;2024
2811b103-6852-4293-bc71-5b5ea2524263;28;2024-11-28;THU;11;4;2024
a6ee4dd2-d4b1-4d9f-a1d2-868a9bb5fa6c;13;2024-04-13;SAT;4;2;2024
c2f1bb06-4ddd-484e-8f09-30dee43c4ea6;19;2024-07-19;FRI;7;3;2024
8f78ed22-6199-4531-8ea3-40494dd8ea35;15;2023-08-15;TUE;8;3;2023
a1c302b5-7d97-4647-9913-014e82a730b2;27;2023-10-27;FRI;10;4;2023
e34b027e-b014-49e0-95c1-93fd442987bb;5;2024-08-05;MON;8;3;2024
dae27a78-e052-4df7-897a-b6676d121434;5;2024-08-05;MON;8;3;2024
70a7252f-390b-48f4-b09c-e07c372811c6;16;2023-10-16;MON;10;4;2023
cb010a71-c32a-4892-8432-7c3ef3c165d8;26;2023-06-26;MON;6;2;2023
1fc4a3fb-b972-4a08-89f9-91169584f7f0;7;2024-07-07;SUN;7;3;2024
e56b9744-a551-4d58-89e8-143ddec5fc67;4;2025-05-04;SUN;5;2;2025
653eae6b-2660-4106-a48c-c9abd4823b5b;16;2023-10-16;MON;10;4;2023
5fe91e13-1df3-4883-a790-eeaebee14d44;15;2023-08-15;TUE;8;3;2023
6f769831-168d-4ecb-93ec-049973f74cbd;7;2025-07-07;MON;7;3;2025
ac28ff14-a61e-4960-8853-b9ea2ac03e9c;27;2023-06-27;TUE;6;2;2023
3fd200a1-3b29-4edc-91bb-c9d80a2410a8;6;2025-01-06;MON;1;1;2025
0bf498bc-91bb-4129-b79f-57519fc031dd;9;2025-01-09;THU;1;1;2025
763b9bbb-1cf6-47e2-82a3-a0b94414146e;9;2025-01-09;THU;1;1;2025
ff55eac8-37d7-4f18-9895-9ac0220b3778;18;2025-01-18;SAT;1;1;2025
a26b62d8-3898-45a0-8705-b487b0c464a5;31;2023-10-31;TUE;10;4;2023
65fe4bd3-fb01-4b72-9558-5f6177547be9;15;2025-08-15;FRI;8;3;2025
dfcc20a0-eb42-4fd5-a536-e2bcc0b59053;13;2024-04-13;SAT;4;2;2024
cf553c10-2aa3-475c-a34d-49541867afaa;15;2025-07-15;TUE;7;3;2025
71bb926b-70e2-4bab-94c5-62e7ddbb913a;23;2023-01-23;MON;1;1;2023
bbdc0bdc-4909-469a-9275-982a62bf7355;27;2023-10-27;FRI;10;4;2023
119a5ae1-f99c-403e-9593-b426aba317d9;13;2025-04-13;SUN;4;2;2025
0bb5b413-98fa-4b01-a8c6-598112242aea;21;2023-04-21;FRI;4;2;2023
f3700ee2-7860-475a-9577-c51915118be0;23;2023-01-23;MON;1;1;2023
669ecbca-c4e1-4c14-8d7f-4247ae5e8b8b;16;2023-10-16;MON;10;4;2023
c0cab70e-b981-4e5e-91e3-9ea24a96102d;27;2023-10-27;FRI;10;4;2023
c0103c60-7528-42af-9ebb-e2eea1b57e4e;27;2024-02-27;TUE;2;1;2024
930b8597-9e6f-4056-ab6a-5449b0466e2a;27;2023-06-27;TUE;6;2;2023
8240ad7c-063d-4074-9e02-60dc9ed30564;3;2022-12-03;SAT;12;4;2022
7d9543bf-ca56-49cf-9d5c-77f16966f0ce;4;2024-10-04;FRI;10;4;2024
e88957f2-1d53-4f4e-ac1b-52ffbd6bdbc7;9;2025-01-09;THU;1;1;2025
59b957a2-64b6-40bf-aef3-236c412476c9;4;2025-05-04;SUN;5;2;2025
23c01428-e277-4a21-993a-9402dcfb5e6f;16;2023-08-16;WED;8;3;2023
7e532bf0-a1e2-4187-80fb-0a93b27c955a;8;2024-11-08;FRI;11;4;2024
0225dea8-0be6-4158-a0ec-6bb570acf47b;20;2024-05-20;MON;5;2;2024
2dc83369-f961-4cad-a327-4726ac04bced;6;2023-06-06;TUE;6;2;2023
92c07e38-e06c-4233-b6cd-60762129052b;15;2025-07-15;TUE;7;3;2025
3d7496f1-51ff-4552-862b-35606cdec41c;9;2025-01-09;THU;1;1;2025
9bfcb15a-0f34-4cc6-ad1b-8350f9fe1dca;29;2024-01-29;MON;1;1;2024
9d04ce84-c3f3-43d8-bce6-956677fb1090;4;2025-05-04;SUN;5;2;2025
3b176140-7cf4-467d-a28e-83c57ec02576;21;2023-04-21;FRI;4;2;2023
7a8a0839-6544-4747-9967-b16536b641c4;12;2023-08-12;SAT;8;3;2023
b4bcb0a1-f0cb-43eb-bef6-240e54b86ddf;21;2023-04-21;FRI;4;2;2023
2b892a0d-9265-4d2b-9cfc-eaa119cca036;9;2024-12-09;MON;12;4;2024
22fcf2af-60c0-45a0-938a-b9d4d23697eb;3;2022-12-03;SAT;12;4;2022
81b5c033-af39-4f0d-b274-a89c54d418c4;19;2024-07-19;FRI;7;3;2024
0c9434e5-858f-471d-b6ae-2d404dcf8221;9;2025-01-09;THU;1;1;2025
814ef6d6-eba8-49a4-bdfa-89e9d253b4dd;13;2025-04-13;SUN;4;2;2025
a0b3c8ac-3023-4064-9263-b52adcdb387b;4;2024-10-04;FRI;10;4;2024
f04f9179-1774-49d2-a284-c08c642b280d;27;2024-02-27;TUE;2;1;2024
6a82aded-9d2c-4df2-8225-bf713d98e742;19;2024-07-19;FRI;7;3;2024
9b67c1ec-f532-449a-b5af-b8347b28e0bc;24;2024-01-24;WED;1;1;2024
a489bd9a-e5f6-437b-89fc-3cd70a822012;16;2023-10-16;MON;10;4;2023
2131bc11-1f37-429b-bed9-4b6fc3c82a0c;31;2025-01-31;FRI;1;1;2025
971ca630-5ec4-4cd2-b6af-f33175805eac;26;2023-06-26;MON;6;2;2023
0c264c39-18d1-4c65-86bf-d205c2f81713;16;2023-10-16;MON;10;4;2023
(1200 rows)
